Workbook

Sheet Sheet1
A1: 数据日期 | B1: 港口库存 | C1: 磷酸二铵主流价 | D1: CCPI指数 | E1: 汇率 | F1: 美元指数DXY | G1: WTI原油期货 | H1: 天然气期货 | I1: 黄金期货 | J1: 镇江港颗粒硫磺价格 | L1: 硫磺价格涨跌幅 | M1: 异常事件
A2: 44565 | B2: =VLOOKUP(A2,Sheet2!A:C,2,FALSE) -> 167 | C2: 3480 | D2: =VLOOKUP(A2,Sheet4!A:C,2,FALSE) -> 1100 | E2: =VLOOKUP(A2,Sheet5!A:B,2,FALSE) -> 6.3726 | F2: =VLOOKUP(A2,Sheet6!A:B,2,FALSE) -> 96.26 | G2: =VLOOKUP(A2,WTI原油期货!A:B,2,FALSE) -> 76.74 | H2: =VLOOKUP(A2,天然气期货!A:B,2,FALSE) -> 3.582 | I2: =VLOOKUP(A2,黄金期货!A:B,2,FALSE) -> 1814.6 | J2: =VLOOKUP(A2,Sheet2!A:C,3,FALSE) -> 2480
A3: 44566 | B3: =VLOOKUP(A3,Sheet2!A:C,2,FALSE) -> 166 | C3: 3480 | D3: =VLOOKUP(A3,Sheet4!A:C,2,FALSE) -> 1102 | E3: =VLOOKUP(A3,Sheet5!A:B,2,FALSE) -> 6.3644 | F3: =VLOOKUP(A3,Sheet6!A:B,2,FALSE) -> 96.17 | G3: =VLOOKUP(A3,WTI原油期货!A:B,2,FALSE) -> 77.47 | H3: =VLOOKUP(A3,天然气期货!A:B,2,FALSE) -> 3.71 | I3: =VLOOKUP(A3,黄金期货!A:B,2,FALSE) -> 1825.1 | J3: =VLOOKUP(A3,Sheet2!A:C,3,FALSE) -> 2480 | L3: =(J3-J2)/J2 -> 0
A4: 44567 | B4: =VLOOKUP(A4,Sheet2!A:C,2,FALSE) -> 164 | C4: 3480 | D4: =VLOOKUP(A4,Sheet4!A:C,2,FALSE) -> 1101 | E4: =VLOOKUP(A4,Sheet5!A:B,2,FALSE) -> 6.383 | F4: =VLOOKUP(A4,Sheet6!A:B,2,FALSE) -> 96.32 | G4: =VLOOKUP(A4,WTI原油期货!A:B,2,FALSE) -> 78.88 | H4: =VLOOKUP(A4,天然气期货!A:B,2,FALSE) -> 3.67 | I4: =VLOOKUP(A4,黄金期货!A:B,2,FALSE) -> 1789.2 | J4: =VLOOKUP(A4,Sheet2!A:C,3,FALSE) -> 2480 | L4: =(J4-J3)/J3 -> 0
A5: 44568 | B5: =VLOOKUP(A5,Sheet2!A:C,2,FALSE) -> 162 | C5: 3480 | D5: =VLOOKUP(A5,Sheet4!A:C,2,FALSE) -> 1102 | E5: =VLOOKUP(A5,Sheet5!A:B,2,FALSE) -> 6.3778 | F5: =VLOOKUP(A5,Sheet6!A:B,2,FALSE) -> 95.72 | G5: =VLOOKUP(A5,WTI原油期货!A:B,2,FALSE) -> 78.44 | H5: =VLOOKUP(A5,天然气期货!A:B,2,FALSE) -> 3.726 | I5: =VLOOKUP(A5,黄金期货!A:B,2,FALSE) -> 1797.4 | J5: =VLOOKUP(A5,Sheet2!A:C,3,FALSE) -> 2480 | L5: =(J5-J4)/J4 -> 0
A6: 44571 | B6: =VLOOKUP(A6,Sheet2!A:C,2,FALSE) -> 155 | C6: 3480 | D6: =VLOOKUP(A6,Sheet4!A:C,2,FALSE) -> 1104 | E6: =VLOOKUP(A6,Sheet5!A:B,2,FALSE) -> 6.3762 | F6: =VLOOKUP(A6,Sheet6!A:B,2,FALSE) -> 95.99 | G6: =VLOOKUP(A6,WTI原油期货!A:B,2,FALSE) -> 77.7 | H6: =VLOOKUP(A6,天然气期货!A:B,2,FALSE) -> 3.834 | I6: =VLOOKUP(A6,黄金期货!A:B,2,FALSE) -> 1798.8 | J6: =VLOOKUP(A6,Sheet2!A:C,3,FALSE) -> 2470 | L6: =(J6-J5)/J5 -> -0.0040322581
A7: 44572 | B7: =VLOOKUP(A7,Sheet2!A:C,2,FALSE) -> 154 | C7: 3480 | D7: =VLOOKUP(A7,Sheet4!A:C,2,FALSE) -> 1108 | E7: =VLOOKUP(A7,Sheet5!A:B,2,FALSE) -> 6.3741 | F7: =VLOOKUP(A7,Sheet6!A:B,2,FALSE) -> 95.62 | G7: =VLOOKUP(A7,WTI原油期货!A:B,2,FALSE) -> 80.67 | H7: =VLOOKUP(A7,天然气期货!A:B,2,FALSE) -> 3.968 | I7: =VLOOKUP(A7,黄金期货!A:B,2,FALSE) -> 1818.5 | J7: =VLOOKUP(A7,Sheet2!A:C,3,FALSE) -> 2440 | L7: =(J7-J6)/J6 -> -0.012145749
A8: 44573 | B8: =VLOOKUP(A8,Sheet2!A:C,2,FALSE) -> 153 | C8: 3480 | D8: =VLOOKUP(A8,Sheet4!A:C,2,FALSE) -> 1110 | E8: =VLOOKUP(A8,Sheet5!A:B,2,FALSE) -> 6.3584 | F8: =VLOOKUP(A8,Sheet6!A:B,2,FALSE) -> 94.92 | G8: =VLOOKUP(A8,WTI原油期货!A:B,2,FALSE) -> 82.02 | H8: =VLOOKUP(A8,天然气期货!A:B,2,FALSE) -> 4.327 | I8: =VLOOKUP(A8,黄金期货!A:B,2,FALSE) -> 1827.3 | J8: =VLOOKUP(A8,Sheet2!A:C,3,FALSE) -> 2420 | L8: =(J8-J7)/J7 -> -0.0081967213
A9: 44574 | B9: =VLOOKUP(A9,Sheet2!A:C,2,FALSE) -> 151 | C9: 3480 | D9: =VLOOKUP(A9,Sheet4!A:C,2,FALSE) -> 1112 | E9: =VLOOKUP(A9,Sheet5!A:B,2,FALSE) -> 6.3599 | F9: =VLOOKUP(A9,Sheet6!A:B,2,FALSE) -> 94.79 | G9: =VLOOKUP(A9,WTI原油期货!A:B,2,FALSE) -> 81.62 | H9: =VLOOKUP(A9,天然气期货!A:B,2,FALSE) -> 4.005 | I9: =VLOOKUP(A9,黄金期货!A:B,2,FALSE) -> 1821.4 | J9: =VLOOKUP(A9,Sheet2!A:C,3,FALSE) -> 2440 | L9: =(J9-J8)/J8 -> 0.0082644628
A10: 44575 | B10: =VLOOKUP(A10,Sheet2!A:C,2,FALSE) -> 149 | C10: 3480 | D10: =VLOOKUP(A10,Sheet4!A:C,2,FALSE) -> 1112 | E10: =VLOOKUP(A10,Sheet5!A:B,2,FALSE) -> 6.3528 | F10: =VLOOKUP(A10,Sheet6!A:B,2,FALSE) -> 95.17 | G10: =VLOOKUP(A10,WTI原油期货!A:B,2,FALSE) -> 83.3 | H10: =VLOOKUP(A10,天然气期货!A:B,2,FALSE) -> 4.081 | I10: =VLOOKUP(A10,黄金期货!A:B,2,FALSE) -> 1816.5 | J10: =VLOOKUP(A10,Sheet2!A:C,3,FALSE) -> 2440 | L10: =(J10-J9)/J9 -> 0
A11: 44578 | B11: =VLOOKUP(A11,Sheet2!A:C,2,FALSE) -> 149 | C11: 3480 | D11: =VLOOKUP(A11,Sheet4!A:C,2,FALSE) -> 1112 | E11: =VLOOKUP(A11,Sheet5!A:B,2,FALSE) -> 6.3488 | F11: =VLOOKUP(A11,Sheet6!A:B,2,FALSE) -> 95.26 | G11: =VLOOKUP(A11,WTI原油期货!A:B,2,FALSE) -> 83.69 | H11: =VLOOKUP(A11,天然气期货!A:B,2,FALSE) -> 4.276 | I11: =VLOOKUP(A11,黄金期货!A:B,2,FALSE) -> 1812.4 | J11: =VLOOKUP(A11,Sheet2!A:C,3,FALSE) -> 2440 | L11: =(J11-J10)/J10 -> 0
A12: 44579 | B12: =VLOOKUP(A12,Sheet2!A:C,2,FALSE) -> 147 | C12: 3480 | D12: =VLOOKUP(A12,Sheet4!A:C,2,FALSE) -> 1116 | E12: =VLOOKUP(A12,Sheet5!A:B,2,FALSE) -> 6.353 | F12: =VLOOKUP(A12,Sheet6!A:B,2,FALSE) -> 95.73 | G12: =VLOOKUP(A12,WTI原油期货!A:B,2,FALSE) -> 84.83 | H12: =VLOOKUP(A12,天然气期货!A:B,2,FALSE) -> 4.048 | I12: =VLOOKUP(A12,黄金期货!A:B,2,FALSE) -> 1812.4 | J12: =VLOOKUP(A12,Sheet2!A:C,3,FALSE) -> 2465 | L12: =(J12-J11)/J11 -> 0.010245902
A13: 44580 | B13: =VLOOKUP(A13,Sheet2!A:C,2,FALSE) -> 147 | C13: 3480 | D13: =VLOOKUP(A13,Sheet4!A:C,2,FALSE) -> 1118 | E13: =VLOOKUP(A13,Sheet5!A:B,2,FALSE) -> 6.345 | F13: =VLOOKUP(A13,Sheet6!A:B,2,FALSE) -> 95.51 | G13: =VLOOKUP(A13,WTI原油期货!A:B,2,FALSE) -> 85.8 | H13: =VLOOKUP(A13,天然气期货!A:B,2,FALSE) -> 3.845 | I13: =VLOOKUP(A13,黄金期货!A:B,2,FALSE) -> 1843.2 | J13: =VLOOKUP(A13,Sheet2!A:C,3,FALSE) -> 2470 | L13: =(J13-J12)/J12 -> 0.0020283976
A14: 44581 | B14: =VLOOKUP(A14,Sheet2!A:C,2,FALSE) -> 147 | C14: 3480 | D14: =VLOOKUP(A14,Sheet4!A:C,2,FALSE) -> 1122 | E14: =VLOOKUP(A14,Sheet5!A:B,2,FALSE) -> 6.3411 | F14: =VLOOKUP(A14,Sheet6!A:B,2,FALSE) -> 95.74 | G14: =VLOOKUP(A14,WTI原油期货!A:B,2,FALSE) -> 85.55 | H14: =VLOOKUP(A14,天然气期货!A:B,2,FALSE) -> 3.649 | I14: =VLOOKUP(A14,黄金期货!A:B,2,FALSE) -> 1842.6 | J14: =VLOOKUP(A14,Sheet2!A:C,3,FALSE) -> 2470 | L14: =(J14-J13)/J13 -> 0
... A20: 44589 | B20: =VLOOKUP(A20,Sheet2!A:C,2,FALSE) -> 151 | C20: 3480 | D20: =VLOOKUP(A20,Sheet4!A:C,2,FALSE) -> 1130 | E20: =VLOOKUP(A20,Sheet5!A:B,2,FALSE) -> 6.361 | F20: =VLOOKUP(A20,Sheet6!A:B,2,FALSE) -> 97.27 | G20: =VLOOKUP(A20,WTI原油期货!A:B,2,FALSE) -> 85.43 | H20: =VLOOKUP(A20,天然气期货!A:B,2,FALSE) -> 4.473 | I20: =VLOOKUP(A20,黄金期货!A:B,2,FALSE) -> 1785.8 | J20: =VLOOKUP(A20,Sheet2!A:C,3,FALSE) -> 2460 | L20: =(J20-J19)/J19 -> 0
A21: 44590 | B21: =VLOOKUP(A21,Sheet2!A:C,2,FALSE) -> 151 | C21: 3480 | D21: =VLOOKUP(A21,Sheet4!A:C,2,FALSE) -> 1130 | E21: =E20 -> 6.361 | F21: =F20 -> 97.27 | G21: =G20 -> 85.43 | H21: =H20 -> 4.473 | I21: =I20 -> 1785.8 | J21: =VLOOKUP(A21,Sheet2!A:C,3,FALSE) -> 2460 | L21: =(J21-J20)/J20 -> 0
A22: 44591 | B22: =VLOOKUP(A22,Sheet2!A:C,2,FALSE) -> 150 | C22: 3480 | D22: =VLOOKUP(A22,Sheet4!A:C,2,FALSE) -> 1130 | E22: =E21 -> 6.361 | F22: =F21 -> 97.27 | G22: =G21 -> 85.43 | H22: =H21 -> 4.473 | I22: =I21 -> 1785.8 | J22: =VLOOKUP(A22,Sheet2!A:C,3,FALSE) -> 2460 | L22: =(J22-J21)/J21 -> 0
A23: 44599 | B23: =VLOOKUP(A23,Sheet2!A:C,2,FALSE) -> 144 | C23: 3480 | D23: =VLOOKUP(A23,Sheet4!A:C,2,FALSE) -> 1141 | E23: =VLOOKUP(A23,Sheet5!A:B,2,FALSE) -> 6.3623 | F23: =VLOOKUP(A23,Sheet6!A:B,2,FALSE) -> 95.4 | G23: =VLOOKUP(A23,WTI原油期货!A:B,2,FALSE) -> 89.77 | H23: =VLOOKUP(A23,天然气期货!A:B,2,FALSE) -> 4.198 | I23: =VLOOKUP(A23,黄金期货!A:B,2,FALSE) -> 1820.8 | J23: =VLOOKUP(A23,Sheet2!A:C,3,FALSE) -> 2470 | L23: =(J23-J22)/J22 -> 0.0040650407
A24: 44600 | B24: =VLOOKUP(A24,Sheet2!A:C,2,FALSE) -> 144 | C24: 3480 | D24: =VLOOKUP(A24,Sheet4!A:C,2,FALSE) -> 1150 | E24: =VLOOKUP(A24,Sheet5!A:B,2,FALSE) -> 6.3666 | F24: =VLOOKUP(A24,Sheet6!A:B,2,FALSE) -> 95.64 | G24: =VLOOKUP(A24,WTI原油期货!A:B,2,FALSE) -> 87.9 | H24: =VLOOKUP(A24,天然气期货!A:B,2,FALSE) -> 4.218 | I24: =VLOOKUP(A24,黄金期货!A:B,2,FALSE) -> 1826.8 | J24: =VLOOKUP(A24,Sheet2!A:C,3,FALSE) -> 2470 | L24: =(J24-J23)/J23 -> 0
A25: 44601 | B25: =VLOOKUP(A25,Sheet2!A:C,2,FALSE) -> 146 | C25: 3480 | D25: =VLOOKUP(A25,Sheet4!A:C,2,FALSE) -> 1152 | E25: =VLOOKUP(A25,Sheet5!A:B,2,FALSE) -> 6.3627 | F25: =VLOOKUP(A25,Sheet6!A:B,2,FALSE) -> 95.49 | G25: =VLOOKUP(A25,WTI原油期货!A:B,2,FALSE) -> 88.53 | H25: =VLOOKUP(A25,天然气期货!A:B,2,FALSE) -> 3.98 | I25: =VLOOKUP(A25,黄金期货!A:B,2,FALSE) -> 1835.6 | J25: =VLOOKUP(A25,Sheet2!A:C,3,FALSE) -> 2470 | L25: =(J25-J24)/J24 -> 0
A26: 44602 | B26: =VLOOKUP(A26,Sheet2!A:C,2,FALSE) -> 147 | C26: 3480 | D26: =VLOOKUP(A26,Sheet4!A:C,2,FALSE) -> 1156 | E26: =VLOOKUP(A26,Sheet5!A:B,2,FALSE) -> 6.3541 | F26: =VLOOKUP(A26,Sheet6!A:B,2,FALSE) -> 95.55 | G26: =VLOOKUP(A26,WTI原油期货!A:B,2,FALSE) -> 88.56 | H26: =VLOOKUP(A26,天然气期货!A:B,2,FALSE) -> 3.943 | I26: =VLOOKUP(A26,黄金期货!A:B,2,FALSE) -> 1836.4 | J26: =VLOOKUP(A26,Sheet2!A:C,3,FALSE) -> 2480 | L26: =(J26-J25)/J25 -> 0.004048583
A27: 44603 | B27: =VLOOKUP(A27,Sheet2!A:C,2,FALSE) -> 145 | C27: 3480 | D27: =VLOOKUP(A27,Sheet4!A:C,2,FALSE) -> 1157 | E27: =VLOOKUP(A27,Sheet5!A:B,2,FALSE) -> 6.3546 | F27: =VLOOKUP(A27,Sheet6!A:B,2,FALSE) -> 96.08 | G27: =VLOOKUP(A27,WTI原油期货!A:B,2,FALSE) -> 91.42 | H27: =VLOOKUP(A27,天然气期货!A:B,2,FALSE) -> 3.935 | I27: =VLOOKUP(A27,黄金期货!A:B,2,FALSE) -> 1841.1 | J27: =VLOOKUP(A27,Sheet2!A:C,3,FALSE) -> 2490 | L27: =(J27-J26)/J26 -> 0.0040322581
A28: 44606 | B28: =VLOOKUP(A28,Sheet2!A:C,2,FALSE) -> 138 | C28: 3500 | D28: =VLOOKUP(A28,Sheet4!A:C,2,FALSE) -> 1161 | E28: =VLOOKUP(A28,Sheet5!A:B,2,FALSE) -> 6.3576 | F28: =VLOOKUP(A28,Sheet6!A:B,2,FALSE) -> 96.37 | G28: =VLOOKUP(A28,WTI原油期货!A:B,2,FALSE) -> 93.5 | H28: =VLOOKUP(A28,天然气期货!A:B,2,FALSE) -> 4.16 | I28: =VLOOKUP(A28,黄金期货!A:B,2,FALSE) -> 1868.3 | J28: =VLOOKUP(A28,Sheet2!A:C,3,FALSE) -> 2490 | L28: =(J28-J27)/J27 -> 0
A29: 44607 | B29: =VLOOKUP(A29,Sheet2!A:C,2,FALSE) -> 135 | C29: 3500 | D29: =VLOOKUP(A29,Sheet4!A:C,2,FALSE) -> 1161 | E29: =VLOOKUP(A29,Sheet5!A:B,2,FALSE) -> 6.3392 | F29: =VLOOKUP(A29,Sheet6!A:B,2,FALSE) -> 95.99 | G29: =VLOOKUP(A29,WTI原油期货!A:B,2,FALSE) -> 90.21 | H29: =VLOOKUP(A29,天然气期货!A:B,2,FALSE) -> 4.241 | I29: =VLOOKUP(A29,黄金期货!A:B,2,FALSE) -> 1855.1 | J29: =VLOOKUP(A29,Sheet2!A:C,3,FALSE) -> 2490 | L29: =(J29-J28)/J28 -> 0
A30: 44608 | B30: =VLOOKUP(A30,Sheet2!A:C,2,FALSE) -> 134 | C30: 3500 | D30: =VLOOKUP(A30,Sheet4!A:C,2,FALSE) -> 1159 | E30: =VLOOKUP(A30,Sheet5!A:B,2,FALSE) -> 6.3372 | F30: =VLOOKUP(A30,Sheet6!A:B,2,FALSE) -> 95.7 | G30: =VLOOKUP(A30,WTI原油期货!A:B,2,FALSE) -> 91.83 | H30: =VLOOKUP(A30,天然气期货!A:B,2,FALSE) -> 4.572 | I30: =VLOOKUP(A30,黄金期货!A:B,2,FALSE) -> 1870.5 | J30: =VLOOKUP(A30,Sheet2!A:C,3,FALSE) -> 2490 | L30: =(J30-J29)/J29 -> 0
A31: 44609 | B31: =VLOOKUP(A31,Sheet2!A:C,2,FALSE) -> 133 | C31: 3500 | D31: =VLOOKUP(A31,Sheet4!A:C,2,FALSE) -> 1158 | E31: =VLOOKUP(A31,Sheet5!A:B,2,FALSE) -> 6.3384 | F31: =VLOOKUP(A31,Sheet6!A:B,2,FALSE) -> 95.8 | G31: =VLOOKUP(A31,WTI原油期货!A:B,2,FALSE) -> 90.04 | H31: =VLOOKUP(A31,天然气期货!A:B,2,FALSE) -> 4.43 | I31: =VLOOKUP(A31,黄金期货!A:B,2,FALSE) -> 1901 | J31: =VLOOKUP(A31,Sheet2!A:C,3,FALSE) -> 2490 | L31: =(J31-J30)/J30 -> 0
A32: 44610 | B32: =VLOOKUP(A32,Sheet2!A:C,2,FALSE) -> 142 | C32: 3500 | D32: =VLOOKUP(A32,Sheet4!A:C,2,FALSE) -> 1156 | E32: =VLOOKUP(A32,Sheet5!A:B,2,FALSE) -> 6.3256 | F32: =VLOOKUP(A32,Sheet6!A:B,2,FALSE) -> 96.04 | G32: =VLOOKUP(A32,WTI原油期货!A:B,2,FALSE) -> 90.21 | H32: =VLOOKUP(A32,天然气期货!A:B,2,FALSE) -> 4.377 | I32: =VLOOKUP(A32,黄金期货!A:B,2,FALSE) -> 1898.8 | J32: =VLOOKUP(A32,Sheet2!A:C,3,FALSE) -> 2530 | L32: =(J32-J31)/J31 -> 0.016064257
A33: 44613 | B33: =VLOOKUP(A33,Sheet2!A:C,2,FALSE) -> 134 | C33: 3500 | D33: =VLOOKUP(A33,Sheet4!A:C,2,FALSE) -> 1155 | E33: =VLOOKUP(A33,Sheet5!A:B,2,FALSE) -> 6.3353 | F33: =VLOOKUP(A33,Sheet6!A:B,2,FALSE) -> 96.08 | G33: =VLOOKUP(A33,WTI原油期货!A:B,2,FALSE) -> 92.65 | H33: =VLOOKUP(A33,天然气期货!A:B,2,FALSE) -> 4.705 | I33: =VLOOKUP(A33,黄金期货!A:B,2,FALSE) -> 1907.4 | J33: =VLOOKUP(A33,Sheet2!A:C,3,FALSE) -> 2550 | L33: =(J33-J32)/J32 -> 0.0079051383
A34: 44614 | B34: =VLOOKUP(A34,Sheet2!A:C,2,FALSE) -> 132 | C34: 3530 | D34: =VLOOKUP(A34,Sheet4!A:C,2,FALSE) -> 1160 | E34: =VLOOKUP(A34,Sheet5!A:B,2,FALSE) -> 6.3265 | F34: =VLOOKUP(A34,Sheet6!A:B,2,FALSE) -> 96.03 | G34: =VLOOKUP(A34,WTI原油期货!A:B,2,FALSE) -> 91.91 | H34: =VLOOKUP(A34,天然气期货!A:B,2,FALSE) -> 4.461 | I34: =VLOOKUP(A34,黄金期货!A:B,2,FALSE) -> 1906.4 | J34: =VLOOKUP(A34,Sheet2!A:C,3,FALSE) -> 2570 | L34: =(J34-J33)/J33 -> 0.0078431373
... A62: 44652 | B62: =VLOOKUP(A62,Sheet2!A:C,2,FALSE) -> 125 | C62: 3580 | D62: =VLOOKUP(A62,Sheet4!A:C,2,FALSE) -> 1212 | E62: =VLOOKUP(A62,Sheet5!A:B,2,FALSE) -> 6.3631 | F62: =VLOOKUP(A62,Sheet6!A:B,2,FALSE) -> 98.63 | G62: =VLOOKUP(A62,WTI原油期货!A:B,2,FALSE) -> 97.9 | H62: =VLOOKUP(A62,天然气期货!A:B,2,FALSE) -> 5.795 | I62: =VLOOKUP(A62,黄金期货!A:B,2,FALSE) -> 1920.9 | J62: =VLOOKUP(A62,Sheet2!A:C,3,FALSE) -> 3400 | L62: =(J62-J61)/J61 -> 0
A63: 44653 | B63: =VLOOKUP(A63,Sheet2!A:C,2,FALSE) -> 125 | C63: 3580 | D63: =VLOOKUP(A63,Sheet4!A:C,2,FALSE) -> 1212 | E63: =E62 -> 6.3631 | F63: =F62 -> 98.63 | G63: =G62 -> 97.9 | H63: =H62 -> 5.795 | I63: =I62 -> 1920.9 | J63: =VLOOKUP(A63,Sheet2!A:C,3,FALSE) -> 3400 | L63: =(J63-J62)/J62 -> 0
A64: 44657 | B64: =VLOOKUP(A64,Sheet2!A:C,2,FALSE) -> 123 | C64: 3580 | D64: =VLOOKUP(A64,Sheet4!A:C,2,FALSE) -> 1214 | E64: =VLOOKUP(A64,Sheet5!A:B,2,FALSE) -> 6.3599 | F64: =VLOOKUP(A64,Sheet6!A:B,2,FALSE) -> 99.6 | G64: =VLOOKUP(A64,WTI原油期货!A:B,2,FALSE) -> 95.41 | H64: =VLOOKUP(A64,天然气期货!A:B,2,FALSE) -> 6.107 | I64: =VLOOKUP(A64,黄金期货!A:B,2,FALSE) -> 1919.7 | J64: =VLOOKUP(A64,Sheet2!A:C,3,FALSE) -> 3390 | L64: =(J64-J63)/J63 -> -0.0029411765
A65: 44658 | B65: =VLOOKUP(A65,Sheet2!A:C,2,FALSE) -> 125 | C65: 3580 | D65: =VLOOKUP(A65,Sheet4!A:C,2,FALSE) -> 1213 | E65: =VLOOKUP(A65,Sheet5!A:B,2,FALSE) -> 6.3604 | F65: =VLOOKUP(A65,Sheet6!A:B,2,FALSE) -> 99.75 | G65: =VLOOKUP(A65,WTI原油期货!A:B,2,FALSE) -> 95.51 | H65: =VLOOKUP(A65,天然气期货!A:B,2,FALSE) -> 6.436 | I65: =VLOOKUP(A65,黄金期货!A:B,2,FALSE) -> 1934.7 | J65: =VLOOKUP(A65,Sheet2!A:C,3,FALSE) -> 3390 | L65: =(J65-J64)/J64 -> 0
A66: 44659 | B66: =VLOOKUP(A66,Sheet2!A:C,2,FALSE) -> 125 | C66: 3580 | D66: =VLOOKUP(A66,Sheet4!A:C,2,FALSE) -> 1210 | E66: =VLOOKUP(A66,Sheet5!A:B,2,FALSE) -> 6.365 | F66: =VLOOKUP(A66,Sheet6!A:B,2,FALSE) -> 99.8 | G66: =VLOOKUP(A66,WTI原油期货!A:B,2,FALSE) -> 97.73 | H66: =VLOOKUP(A66,天然气期货!A:B,2,FALSE) -> 6.356 | I66: =VLOOKUP(A66,黄金期货!A:B,2,FALSE) -> 1942.4 | J66: =VLOOKUP(A66,Sheet2!A:C,3,FALSE) -> 3390 | L66: =(J66-J65)/J65 -> 0
A67: 44662 | B67: =VLOOKUP(A67,Sheet2!A:C,2,FALSE) -> 128 | C67: 3580 | D67: =VLOOKUP(A67,Sheet4!A:C,2,FALSE) -> 1208 | E67: =VLOOKUP(A67,Sheet5!A:B,2,FALSE) -> 6.37 | F67: =VLOOKUP(A67,Sheet6!A:B,2,FALSE) -> 99.93 | G67: =VLOOKUP(A67,WTI原油期货!A:B,2,FALSE) -> 93.92 | H67: =VLOOKUP(A67,天然气期货!A:B,2,FALSE) -> 6.723 | I67: =VLOOKUP(A67,黄金期货!A:B,2,FALSE) -> 1945.1 | J67: =VLOOKUP(A67,Sheet2!A:C,3,FALSE) -> 3390 | L67: =(J67-J66)/J66 -> 0
A68: 44663 | B68: =VLOOKUP(A68,Sheet2!A:C,2,FALSE) -> 128 | C68: 3580 | D68: =VLOOKUP(A68,Sheet4!A:C,2,FALSE) -> 1206 | E68: =VLOOKUP(A68,Sheet5!A:B,2,FALSE) -> 6.366 | F68: =VLOOKUP(A68,Sheet6!A:B,2,FALSE) -> 100.29 | G68: =VLOOKUP(A68,WTI原油期货!A:B,2,FALSE) -> 100.15 | H68: =VLOOKUP(A68,天然气期货!A:B,2,FALSE) -> 6.763 | I68: =VLOOKUP(A68,黄金期货!A:B,2,FALSE) -> 1973.2 | J68: =VLOOKUP(A68,Sheet2!A:C,3,FALSE) -> 3390 | L68: =(J68-J67)/J67 -> 0
A69: 44664 | B69: =VLOOKUP(A69,Sheet2!A:C,2,FALSE) -> 128 | C69: 3580 | D69: =VLOOKUP(A69,Sheet4!A:C,2,FALSE) -> 1207 | E69: =VLOOKUP(A69,Sheet5!A:B,2,FALSE) -> 6.3682 | F69: =VLOOKUP(A69,Sheet6!A:B,2,FALSE) -> 99.88 | G69: =VLOOKUP(A69,WTI原油期货!A:B,2,FALSE) -> 103.79 | H69: =VLOOKUP(A69,天然气期货!A:B,2,FALSE) -> 7.096 | I69: =VLOOKUP(A69,黄金期货!A:B,2,FALSE) -> 1981.9 | J69: =VLOOKUP(A69,Sheet2!A:C,3,FALSE) -> 3340 | L69: =(J69-J68)/J68 -> -0.014749263
A70: 44665 | B70: =VLOOKUP(A70,Sheet2!A:C,2,FALSE) -> 125 | C70: 3580 | D70: =VLOOKUP(A70,Sheet4!A:C,2,FALSE) -> 1207 | E70: =VLOOKUP(A70,Sheet5!A:B,2,FALSE) -> 6.3784 | F70: =VLOOKUP(A70,Sheet6!A:B,2,FALSE) -> 100.32 | G70: =VLOOKUP(A70,WTI原油期货!A:B,2,FALSE) -> 106.38 | H70: =VLOOKUP(A70,天然气期货!A:B,2,FALSE) -> 7.423 | I70: =VLOOKUP(A70,黄金期货!A:B,2,FALSE) -> 1972.2 | J70: =VLOOKUP(A70,Sheet2!A:C,3,FALSE) -> 3460 | L70: =(J70-J69)/J69 -> 0.035928144
A71: 44666 | B71: =VLOOKUP(A71,Sheet2!A:C,2,FALSE) -> 122 | C71: 3580 | D71: =VLOOKUP(A71,Sheet4!A:C,2,FALSE) -> 1209 | E71: =VLOOKUP(A71,Sheet5!A:B,2,FALSE) -> 6.3712 | F71: =VLOOKUP(A71,Sheet6!A:B,2,FALSE) -> 100.32 | G71: =G70 -> 106.38 | H71: =H70 -> 7.423 | I71: =I70 -> 1972.2 | J71: =VLOOKUP(A71,Sheet2!A:C,3,FALSE) -> 3460 | L71: =(J71-J70)/J70 -> 0
A72: 44669 | B72: =VLOOKUP(A72,Sheet2!A:C,2,FALSE) -> 121 | C72: 3580 | D72: =VLOOKUP(A72,Sheet4!A:C,2,FALSE) -> 1209 | E72: =VLOOKUP(A72,Sheet5!A:B,2,FALSE) -> 6.367 | F72: =VLOOKUP(A72,Sheet6!A:B,2,FALSE) -> 100.78 | G72: =VLOOKUP(A72,WTI原油期货!A:B,2,FALSE) -> 107.61 | H72: =VLOOKUP(A72,天然气期货!A:B,2,FALSE) -> 7.958 | I72: =VLOOKUP(A72,黄金期货!A:B,2,FALSE) -> 1983.6 | J72: =VLOOKUP(A72,Sheet2!A:C,3,FALSE) -> 3460 | L72: =(J72-J71)/J71 -> 0
A73: 44670 | B73: =VLOOKUP(A73,Sheet2!A:C,2,FALSE) -> 122 | C73: 3580 | D73: =VLOOKUP(A73,Sheet4!A:C,2,FALSE) -> 1212 | E73: =VLOOKUP(A73,Sheet5!A:B,2,FALSE) -> 6.3935 | F73: =VLOOKUP(A73,Sheet6!A:B,2,FALSE) -> 100.96 | G73: =VLOOKUP(A73,WTI原油期货!A:B,2,FALSE) -> 102.05 | H73: =VLOOKUP(A73,天然气期货!A:B,2,FALSE) -> 7.277 | I73: =VLOOKUP(A73,黄金期货!A:B,2,FALSE) -> 1956.3 | J73: =VLOOKUP(A73,Sheet2!A:C,3,FALSE) -> 3470 | L73: =(J73-J72)/J72 -> 0.0028901734
A74: 44671 | B74: =VLOOKUP(A74,Sheet2!A:C,2,FALSE) -> 123 | C74: 3580 | D74: =VLOOKUP(A74,Sheet4!A:C,2,FALSE) -> 1210 | E74: =VLOOKUP(A74,Sheet5!A:B,2,FALSE) -> 6.4192 | F74: =VLOOKUP(A74,Sheet6!A:B,2,FALSE) -> 100.39 | G74: =VLOOKUP(A74,WTI原油期货!A:B,2,FALSE) -> 102.19 | H74: =VLOOKUP(A74,天然气期货!A:B,2,FALSE) -> 7.065 | I74: =VLOOKUP(A74,黄金期货!A:B,2,FALSE) -> 1952.9 | J74: =VLOOKUP(A74,Sheet2!A:C,3,FALSE) -> 3490 | L74: =(J74-J73)/J73 -> 0.0057636888
A75: 44672 | B75: =VLOOKUP(A75,Sheet2!A:C,2,FALSE) -> 124 | C75: 3750 | D75: =VLOOKUP(A75,Sheet4!A:C,2,FALSE) -> 1211 | E75: =VLOOKUP(A75,Sheet5!A:B,2,FALSE) -> 6.4506 | F75: =VLOOKUP(A75,Sheet6!A:B,2,FALSE) -> 100.58 | G75: =VLOOKUP(A75,WTI原油期货!A:B,2,FALSE) -> 102.96 | H75: =VLOOKUP(A75,天然气期货!A:B,2,FALSE) -> 7.096 | I75: =VLOOKUP(A75,黄金期货!A:B,2,FALSE) -> 1945.4 | J75: =VLOOKUP(A75,Sheet2!A:C,3,FALSE) -> 3520 | L75: =(J75-J74)/J74 -> 0.0085959885
A76: 44673 | B76: =VLOOKUP(A76,Sheet2!A:C,2,FALSE) -> 125 | C76: 3750 | D76: =VLOOKUP(A76,Sheet4!A:C,2,FALSE) -> 1212 | E76: =VLOOKUP(A76,Sheet5!A:B,2,FALSE) -> 6.5013 | F76: =VLOOKUP(A76,Sheet6!A:B,2,FALSE) -> 101.22 | G76: =VLOOKUP(A76,WTI原油期货!A:B,2,FALSE) -> 101.05 | H76: =VLOOKUP(A76,天然气期货!A:B,2,FALSE) -> 6.663 | I76: =VLOOKUP(A76,黄金期货!A:B,2,FALSE) -> 1931.6 | J76: =VLOOKUP(A76,Sheet2!A:C,3,FALSE) -> 3560 | L76: =(J76-J75)/J75 -> 0.011363636
A77: 44675 | B77: =VLOOKUP(A77,Sheet2!A:C,2,FALSE) -> 123 | C77: 3750 | D77: =VLOOKUP(A77,Sheet4!A:C,2,FALSE) -> 1211 | E77: =E76 -> 6.5013 | F77: =F76 -> 101.22 | G77: =G76 -> 101.05 | H77: =H76 -> 6.663 | I77: =I76 -> 1931.6 | J77: =VLOOKUP(A77,Sheet2!A:C,3,FALSE) -> 3560 | L77: =(J77-J76)/J76 -> 0
A78: 44676 | B78: =VLOOKUP(A78,Sheet2!A:C,2,FALSE) -> 123 | C78: 3750 | D78: =VLOOKUP(A78,Sheet4!A:C,2,FALSE) -> 1206 | E78: =VLOOKUP(A78,Sheet5!A:B,2,FALSE) -> 6.5594 | F78: =VLOOKUP(A78,Sheet6!A:B,2,FALSE) -> 101.75 | G78: =VLOOKUP(A78,WTI原油期货!A:B,2,FALSE) -> 97.67 | H78: =VLOOKUP(A78,天然气期货!A:B,2,FALSE) -> 6.805 | I78: =VLOOKUP(A78,黄金期货!A:B,2,FALSE) -> 1893.3 | J78: =VLOOKUP(A78,Sheet2!A:C,3,FALSE) -> 3585 | L78: =(J78-J77)/J77 -> 0.0070224719
A79: 44677 | B79: =VLOOKUP(A79,Sheet2!A:C,2,FALSE) -> 121 | C79: 3750 | D79: =VLOOKUP(A79,Sheet4!A:C,2,FALSE) -> 1203 | E79: =VLOOKUP(A79,Sheet5!A:B,2,FALSE) -> 6.5566 | F79: =VLOOKUP(A79,Sheet6!A:B,2,FALSE) -> 102.3 | G79: =VLOOKUP(A79,WTI原油期货!A:B,2,FALSE) -> 100.41 | H79: =VLOOKUP(A79,天然气期货!A:B,2,FALSE) -> 6.978 | I79: =VLOOKUP(A79,黄金期货!A:B,2,FALSE) -> 1901.5 | J79: =VLOOKUP(A79,Sheet2!A:C,3,FALSE) -> 3630 | L79: =(J79-J78)/J78 -> 0.012552301
A80: 44678 | B80: =VLOOKUP(A80,Sheet2!A:C,2,FALSE) -> 121 | C80: 3750 | D80: =VLOOKUP(A80,Sheet4!A:C,2,FALSE) -> 1201 | E80: =VLOOKUP(A80,Sheet5!A:B,2,FALSE) -> 6.5606 | F80: =VLOOKUP(A80,Sheet6!A:B,2,FALSE) -> 102.95 | G80: =VLOOKUP(A80,WTI原油期货!A:B,2,FALSE) -> 100.68 | H80: =VLOOKUP(A80,天然气期货!A:B,2,FALSE) -> 7.339 | I80: =VLOOKUP(A80,黄金期货!A:B,2,FALSE) -> 1885.8 | J80: =VLOOKUP(A80,Sheet2!A:C,3,FALSE) -> 3680 | L80: =(J80-J79)/J79 -> 0.013774105
A81: 44679 | B81: =VLOOKUP(A81,Sheet2!A:C,2,FALSE) -> 118 | C81: 3750 | D81: =VLOOKUP(A81,Sheet4!A:C,2,FALSE) -> 1202 | E81: =VLOOKUP(A81,Sheet5!A:B,2,FALSE) -> 6.626 | F81: =VLOOKUP(A81,Sheet6!A:B,2,FALSE) -> 103.62 | G81: =VLOOKUP(A81,WTI原油期货!A:B,2,FALSE) -> 103.47 | H81: =VLOOKUP(A81,天然气期货!A:B,2,FALSE) -> 6.994 | I81: =VLOOKUP(A81,黄金期货!A:B,2,FALSE) -> 1891.3 | J81: =VLOOKUP(A81,Sheet2!A:C,3,FALSE) -> 3750 | L81: =(J81-J80)/J80 -> 0.019021739
A82: 44680 | B82: =VLOOKUP(A82,Sheet2!A:C,2,FALSE) -> 118 | C82: 3750 | D82: =VLOOKUP(A82,Sheet4!A:C,2,FALSE) -> 1205 | E82: =VLOOKUP(A82,Sheet5!A:B,2,FALSE) -> 6.6085 | F82: =VLOOKUP(A82,Sheet6!A:B,2,FALSE) -> 102.96 | G82: =VLOOKUP(A82,WTI原油期货!A:B,2,FALSE) -> 102.94 | H82: =VLOOKUP(A82,天然气期货!A:B,2,FALSE) -> 7.355 | I82: =VLOOKUP(A82,黄金期货!A:B,2,FALSE) -> 1911.7 | J82: =VLOOKUP(A82,Sheet2!A:C,3,FALSE) -> 3870 | L82: =(J82-J81)/J81 -> 0.032
A83: 44686 | B83: =VLOOKUP(A83,Sheet2!A:C,2,FALSE) -> 126 | C83: 3800 | D83: =VLOOKUP(A83,Sheet4!A:C,2,FALSE) -> 1207 | E83: =VLOOKUP(A83,Sheet5!A:B,2,FALSE) -> 6.6558 | F83: =VLOOKUP(A83,Sheet6!A:B,2,FALSE) -> 103.75 | G83: =VLOOKUP(A83,WTI原油期货!A:B,2,FALSE) -> 106.74 | H83: =VLOOKUP(A83,天然气期货!A:B,2,FALSE) -> 8.841 | I83: =VLOOKUP(A83,黄金期货!A:B,2,FALSE) -> 1875.7 | J83: =VLOOKUP(A83,Sheet2!A:C,3,FALSE) -> 3930 | L83: =(J83-J82)/J82 -> 0.015503876
A84: 44687 | B84: =VLOOKUP(A84,Sheet2!A:C,2,FALSE) -> 125 | C84: 3800 | D84: =VLOOKUP(A84,Sheet4!A:C,2,FALSE) -> 1208 | E84: =VLOOKUP(A84,Sheet5!A:B,2,FALSE) -> 6.6666 | F84: =VLOOKUP(A84,Sheet6!A:B,2,FALSE) -> 103.66 | G84: =VLOOKUP(A84,WTI原油期货!A:B,2,FALSE) -> 108.33 | H84: =VLOOKUP(A84,天然气期货!A:B,2,FALSE) -> 8.128 | I84: =VLOOKUP(A84,黄金期货!A:B,2,FALSE) -> 1882.8 | J84: =VLOOKUP(A84,Sheet2!A:C,3,FALSE) -> 3950 | L84: =(J84-J83)/J83 -> 0.0050890585
A85: 44688 | B85: =VLOOKUP(A85,Sheet2!A:C,2,FALSE) -> 130 | C85: 3800 | D85: =VLOOKUP(A85,Sheet4!A:C,2,FALSE) -> 1208 | E85: =E84 -> 6.6666 | F85: =F84 -> 103.66 | G85: =G84 -> 108.33 | H85: =H84 -> 8.128 | I85: =I84 -> 1882.8 | J85: =VLOOKUP(A85,Sheet2!A:C,3,FALSE) -> 3960 | L85: =(J85-J84)/J84 -> 0.0025316456
A86: 44690 | B86: =VLOOKUP(A86,Sheet2!A:C,2,FALSE) -> 130 | C86: 3800 | D86: =VLOOKUP(A86,Sheet4!A:C,2,FALSE) -> 1206 | E86: =VLOOKUP(A86,Sheet5!A:B,2,FALSE) -> 6.7308 | F86: =VLOOKUP(A86,Sheet6!A:B,2,FALSE) -> 103.65 | G86: =VLOOKUP(A86,WTI原油期货!A:B,2,FALSE) -> 101.77 | H86: =VLOOKUP(A86,天然气期货!A:B,2,FALSE) -> 7.106 | I86: =VLOOKUP(A86,黄金期货!A:B,2,FALSE) -> 1858.6 | J86: =VLOOKUP(A86,Sheet2!A:C,3,FALSE) -> 4000 | L86: =(J86-J85)/J85 -> 0.01010101
A87: 44691 | B87: =VLOOKUP(A87,Sheet2!A:C,2,FALSE) -> 130 | C87: 3950 | D87: =VLOOKUP(A87,Sheet4!A:C,2,FALSE) -> 1202 | E87: =VLOOKUP(A87,Sheet5!A:B,2,FALSE) -> 6.7347 | F87: =VLOOKUP(A87,Sheet6!A:B,2,FALSE) -> 103.92 | G87: =VLOOKUP(A87,WTI原油期货!A:B,2,FALSE) -> 98.45 | H87: =VLOOKUP(A87,天然气期货!A:B,2,FALSE) -> 7.467 | I87: =VLOOKUP(A87,黄金期货!A:B,2,FALSE) -> 1841 | J87: =VLOOKUP(A87,Sheet2!A:C,3,FALSE) -> 4050 | L87: =(J87-J86)/J86 -> 0.0125
A88: 44692 | B88: =VLOOKUP(A88,Sheet2!A:C,2,FALSE) -> 131 | C88: 3950 | D88: =VLOOKUP(A88,Sheet4!A:C,2,FALSE) -> 1200 | E88: =VLOOKUP(A88,Sheet5!A:B,2,FALSE) -> 6.7211 | F88: =VLOOKUP(A88,Sheet6!A:B,2,FALSE) -> 103.85 | G88: =VLOOKUP(A88,WTI原油期货!A:B,2,FALSE) -> 104.03 | H88: =VLOOKUP(A88,天然气期货!A:B,2,FALSE) -> 7.727 | I88: =VLOOKUP(A88,黄金期货!A:B,2,FALSE) -> 1853.7 | J88: =VLOOKUP(A88,Sheet2!A:C,3,FALSE) -> 4100 | L88: =(J88-J87)/J87 -> 0.012345679
A89: 44693 | B89: =VLOOKUP(A89,Sheet2!A:C,2,FALSE) -> 140 | C89: 3950 | D89: =VLOOKUP(A89,Sheet4!A:C,2,FALSE) -> 1201 | E89: =VLOOKUP(A89,Sheet5!A:B,2,FALSE) -> 6.787 | F89: =VLOOKUP(A89,Sheet6!A:B,2,FALSE) -> 104.85 | G89: =VLOOKUP(A89,WTI原油期货!A:B,2,FALSE) -> 104.4 | H89: =VLOOKUP(A89,天然气期货!A:B,2,FALSE) -> 7.835 | I89: =VLOOKUP(A89,黄金期货!A:B,2,FALSE) -> 1824.6 | J89: =VLOOKUP(A89,Sheet2!A:C,3,FALSE) -> 4100 | L89: =(J89-J88)/J88 -> 0
A90: 44694 | B90: =VLOOKUP(A90,Sheet2!A:C,2,FALSE) -> 139 | C90: 3950 | D90: =VLOOKUP(A90,Sheet4!A:C,2,FALSE) -> 1201 | E90: =VLOOKUP(A90,Sheet5!A:B,2,FALSE) -> 6.789 | F90: =VLOOKUP(A90,Sheet6!A:B,2,FALSE) -> 104.56 | G90: =VLOOKUP(A90,WTI原油期货!A:B,2,FALSE) -> 108.63 | H90: =VLOOKUP(A90,天然气期货!A:B,2,FALSE) -> 7.765 | I90: =VLOOKUP(A90,黄金期货!A:B,2,FALSE) -> 1808.2 | J90: =VLOOKUP(A90,Sheet2!A:C,3,FALSE) -> 4100 | L90: =(J90-J89)/J89 -> 0
A91: 44697 | B91: =VLOOKUP(A91,Sheet2!A:C,2,FALSE) -> 142 | C91: 3950 | D91: =VLOOKUP(A91,Sheet4!A:C,2,FALSE) -> 1200 | E91: =VLOOKUP(A91,Sheet5!A:B,2,FALSE) -> 6.7862 | F91: =VLOOKUP(A91,Sheet6!A:B,2,FALSE) -> 104.19 | G91: =VLOOKUP(A91,WTI原油期货!A:B,2,FALSE) -> 111.82 | H91: =VLOOKUP(A91,天然气期货!A:B,2,FALSE) -> 8.053 | I91: =VLOOKUP(A91,黄金期货!A:B,2,FALSE) -> 1814 | J91: =VLOOKUP(A91,Sheet2!A:C,3,FALSE) -> 4100 | L91: =(J91-J90)/J90 -> 0
A92: 44698 | B92: =VLOOKUP(A92,Sheet2!A:C,2,FALSE) -> 140 | C92: 3950 | D92: =VLOOKUP(A92,Sheet4!A:C,2,FALSE) -> 1201 | E92: =VLOOKUP(A92,Sheet5!A:B,2,FALSE) -> 6.7377 | F92: =VLOOKUP(A92,Sheet6!A:B,2,FALSE) -> 103.36 | G92: =VLOOKUP(A92,WTI原油期货!A:B,2,FALSE) -> 109.63 | H92: =VLOOKUP(A92,天然气期货!A:B,2,FALSE) -> 8.394 | I92: =VLOOKUP(A92,黄金期货!A:B,2,FALSE) -> 1818.9 | J92: =VLOOKUP(A92,Sheet2!A:C,3,FALSE) -> 4085 | L92: =(J92-J91)/J91 -> -0.0036585366
A93: 44699 | B93: =VLOOKUP(A93,Sheet2!A:C,2,FALSE) -> 137 | C93: 3950 | D93: =VLOOKUP(A93,Sheet4!A:C,2,FALSE) -> 1201 | E93: =VLOOKUP(A93,Sheet5!A:B,2,FALSE) -> 6.7545 | F93: =VLOOKUP(A93,Sheet6!A:B,2,FALSE) -> 103.81 | G93: =VLOOKUP(A93,WTI原油期货!A:B,2,FALSE) -> 107.04 | H93: =VLOOKUP(A93,天然气期货!A:B,2,FALSE) -> 8.455 | I93: =VLOOKUP(A93,黄金期货!A:B,2,FALSE) -> 1815.9 | J93: =VLOOKUP(A93,Sheet2!A:C,3,FALSE) -> 4085 | L93: =(J93-J92)/J92 -> 0
A94: 44700 | B94: =VLOOKUP(A94,Sheet2!A:C,2,FALSE) -> 140 | C94: 3950 | D94: =VLOOKUP(A94,Sheet4!A:C,2,FALSE) -> 1199 | E94: =VLOOKUP(A94,Sheet5!A:B,2,FALSE) -> 6.7125 | F94: =VLOOKUP(A94,Sheet6!A:B,2,FALSE) -> 102.72 | G94: =VLOOKUP(A94,WTI原油期货!A:B,2,FALSE) -> 109.89 | H94: =VLOOKUP(A94,天然气期货!A:B,2,FALSE) -> 8.4 | I94: =VLOOKUP(A94,黄金期货!A:B,2,FALSE) -> 1841.2 | J94: =VLOOKUP(A94,Sheet2!A:C,3,FALSE) -> 4085 | L94: =(J94-J93)/J93 -> 0
A95: 44701 | B95: =VLOOKUP(A95,Sheet2!A:C,2,FALSE) -> 139 | C95: 3950 | D95: =VLOOKUP(A95,Sheet4!A:C,2,FALSE) -> 1199 | E95: =VLOOKUP(A95,Sheet5!A:B,2,FALSE) -> 6.693 | F95: =VLOOKUP(A95,Sheet6!A:B,2,FALSE) -> 103.15 | G95: =VLOOKUP(A95,WTI原油期货!A:B,2,FALSE) -> 110.28 | H95: =VLOOKUP(A95,天然气期货!A:B,2,FALSE) -> 8.178 | I95: =VLOOKUP(A95,黄金期货!A:B,2,FALSE) -> 1842.1 | J95: =VLOOKUP(A95,Sheet2!A:C,3,FALSE) -> 4080 | L95: =(J95-J94)/J94 -> -0.0012239902
A96: 44704 | B96: =VLOOKUP(A96,Sheet2!A:C,2,FALSE) -> 136 | C96: 3950 | D96: =VLOOKUP(A96,Sheet4!A:C,2,FALSE) -> 1200 | E96: =VLOOKUP(A96,Sheet5!A:B,2,FALSE) -> 6.6508 | F96: =VLOOKUP(A96,Sheet6!A:B,2,FALSE) -> 102.08 | G96: =VLOOKUP(A96,WTI原油期货!A:B,2,FALSE) -> 107.54 | H96: =VLOOKUP(A96,天然气期货!A:B,2,FALSE) -> 8.827 | I96: =VLOOKUP(A96,黄金期货!A:B,2,FALSE) -> 1847.8 | J96: =VLOOKUP(A96,Sheet2!A:C,3,FALSE) -> 4050 | L96: =(J96-J95)/J95 -> -0.0073529412
A97: 44705 | B97: =VLOOKUP(A97,Sheet2!A:C,2,FALSE) -> 136 | C97: 3950 | D97: =VLOOKUP(A97,Sheet4!A:C,2,FALSE) -> 1201 | E97: =VLOOKUP(A97,Sheet5!A:B,2,FALSE) -> 6.6538 | F97: =VLOOKUP(A97,Sheet6!A:B,2,FALSE) -> 101.86 | G97: =VLOOKUP(A97,WTI原油期货!A:B,2,FALSE) -> 107.2 | H97: =VLOOKUP(A97,天然气期货!A:B,2,FALSE) -> 8.836 | I97: =VLOOKUP(A97,黄金期货!A:B,2,FALSE) -> 1865.4 | J97: =VLOOKUP(A97,Sheet2!A:C,3,FALSE) -> 4030 | L97: =(J97-J96)/J96 -> -0.0049382716
... A188: 44834 | B188: =VLOOKUP(A188,Sheet2!A:C,2,FALSE) -> 146 | C188: 3400 | D188: =VLOOKUP(A188,Sheet4!A:C,2,FALSE) -> 1058 | E188: =VLOOKUP(A188,Sheet5!A:B,2,FALSE) -> 7.116 | F188: =VLOOKUP(A188,Sheet6!A:B,2,FALSE) -> 112.12 | G188: =VLOOKUP(A188,WTI原油期货!A:B,2,FALSE) -> 78.72 | H188: =VLOOKUP(A188,天然气期货!A:B,2,FALSE) -> 7.065 | I188: =VLOOKUP(A188,黄金期货!A:B,2,FALSE) -> 1667.2 | J188: =VLOOKUP(A188,Sheet2!A:C,3,FALSE) -> 1300 | L188: =(J188-J187)/J187 -> 0
A189: 44842 | B189: =VLOOKUP(A189,Sheet2!A:C,2,FALSE) -> 146 | C189: 3400 | D189: =VLOOKUP(A189,Sheet4!A:C,2,FALSE) -> 1064 | E189: =E188 -> 7.116 | F189: =F188 -> 112.12 | G189: =G188 -> 78.72 | H189: =H188 -> 7.065 | I189: =I188 -> 1667.2 | J189: =VLOOKUP(A189,Sheet2!A:C,3,FALSE) -> 1300 | L189: =(J189-J188)/J188 -> 0
A190: 44843 | B190: =VLOOKUP(A190,Sheet2!A:C,2,FALSE) -> 146 | C190: 3450 | D190: =VLOOKUP(A190,Sheet4!A:C,2,FALSE) -> 1069 | E190: =E189 -> 7.116 | F190: =F189 -> 112.12 | G190: =G189 -> 78.72 | H190: =H189 -> 7.065 | I190: =I189 -> 1667.2 | J190: =VLOOKUP(A190,Sheet2!A:C,3,FALSE) -> 1300 | L190: =(J190-J189)/J189 -> 0
A191: 44844 | B191: =VLOOKUP(A191,Sheet2!A:C,2,FALSE) -> 150 | C191: 3450 | D191: =VLOOKUP(A191,Sheet4!A:C,2,FALSE) -> 1074 | E191: =VLOOKUP(A191,Sheet5!A:B,2,FALSE) -> 7.1546 | F191: =VLOOKUP(A191,Sheet6!A:B,2,FALSE) -> 113.14 | G191: =VLOOKUP(A191,WTI原油期货!A:B,2,FALSE) -> 89.84 | H191: =VLOOKUP(A191,天然气期货!A:B,2,FALSE) -> 6.784 | I191: =VLOOKUP(A191,黄金期货!A:B,2,FALSE) -> 1670.1 | J191: =VLOOKUP(A191,Sheet2!A:C,3,FALSE) -> 1350 | L191: =(J191-J190)/J190 -> 0.038461538
A192: 44845 | B192: =VLOOKUP(A192,Sheet2!A:C,2,FALSE) -> 150 | C192: 3450 | D192: =VLOOKUP(A192,Sheet4!A:C,2,FALSE) -> 1075 | E192: =VLOOKUP(A192,Sheet5!A:B,2,FALSE) -> 7.1655 | F192: =VLOOKUP(A192,Sheet6!A:B,2,FALSE) -> 113.22 | G192: =VLOOKUP(A192,WTI原油期货!A:B,2,FALSE) -> 87.97 | H192: =VLOOKUP(A192,天然气期货!A:B,2,FALSE) -> 6.928 | I192: =VLOOKUP(A192,黄金期货!A:B,2,FALSE) -> 1680.9 | J192: =VLOOKUP(A192,Sheet2!A:C,3,FALSE) -> 1360 | L192: =(J192-J191)/J191 -> 0.0074074074
A193: 44846 | B193: =VLOOKUP(A193,Sheet2!A:C,2,FALSE) -> 156 | C193: 3450 | D193: =VLOOKUP(A193,Sheet4!A:C,2,FALSE) -> 1073 | E193: =VLOOKUP(A193,Sheet5!A:B,2,FALSE) -> 7.1748 | F193: =VLOOKUP(A193,Sheet6!A:B,2,FALSE) -> 113.32 | G193: =VLOOKUP(A193,WTI原油期货!A:B,2,FALSE) -> 86.06 | H193: =VLOOKUP(A193,天然气期货!A:B,2,FALSE) -> 6.766 | I193: =VLOOKUP(A193,黄金期货!A:B,2,FALSE) -> 1672.3 | J193: =VLOOKUP(A193,Sheet2!A:C,3,FALSE) -> 1400 | L193: =(J193-J192)/J192 -> 0.029411765
A194: 44847 | B194: =VLOOKUP(A194,Sheet2!A:C,2,FALSE) -> 154 | C194: 3450 | D194: =VLOOKUP(A194,Sheet4!A:C,2,FALSE) -> 1073 | E194: =VLOOKUP(A194,Sheet5!A:B,2,FALSE) -> 7.1706 | F194: =VLOOKUP(A194,Sheet6!A:B,2,FALSE) -> 112.36 | G194: =VLOOKUP(A194,WTI原油期货!A:B,2,FALSE) -> 87.95 | H194: =VLOOKUP(A194,天然气期货!A:B,2,FALSE) -> 7.053 | I194: =VLOOKUP(A194,黄金期货!A:B,2,FALSE) -> 1671.8 | J194: =VLOOKUP(A194,Sheet2!A:C,3,FALSE) -> 1420 | L194: =(J194-J193)/J193 -> 0.014285714
A195: 44848 | B195: =VLOOKUP(A195,Sheet2!A:C,2,FALSE) -> 153 | C195: 3450 | D195: =VLOOKUP(A195,Sheet4!A:C,2,FALSE) -> 1074 | E195: =VLOOKUP(A195,Sheet5!A:B,2,FALSE) -> 7.191 | F195: =VLOOKUP(A195,Sheet6!A:B,2,FALSE) -> 113.31 | G195: =VLOOKUP(A195,WTI原油期货!A:B,2,FALSE) -> 84.65 | H195: =VLOOKUP(A195,天然气期货!A:B,2,FALSE) -> 6.827 | I195: =VLOOKUP(A195,黄金期货!A:B,2,FALSE) -> 1643.7 | J195: =VLOOKUP(A195,Sheet2!A:C,3,FALSE) -> 1450 | L195: =(J195-J194)/J194 -> 0.021126761
A196: 44851 | B196: =VLOOKUP(A196,Sheet2!A:C,2,FALSE) -> 150 | C196: 3450 | D196: =VLOOKUP(A196,Sheet4!A:C,2,FALSE) -> 1072 | E196: =VLOOKUP(A196,Sheet5!A:B,2,FALSE) -> 7.1965 | F196: =VLOOKUP(A196,Sheet6!A:B,2,FALSE) -> 112.04 | G196: =VLOOKUP(A196,WTI原油期货!A:B,2,FALSE) -> 84.53 | H196: =VLOOKUP(A196,天然气期货!A:B,2,FALSE) -> 6.479 | I196: =VLOOKUP(A196,黄金期货!A:B,2,FALSE) -> 1658.9 | J196: =VLOOKUP(A196,Sheet2!A:C,3,FALSE) -> 1450 | L196: =(J196-J195)/J195 -> 0
A197: 44852 | B197: =VLOOKUP(A197,Sheet2!A:C,2,FALSE) -> 150 | C197: 3450 | D197: =VLOOKUP(A197,Sheet4!A:C,2,FALSE) -> 1070 | E197: =VLOOKUP(A197,Sheet5!A:B,2,FALSE) -> 7.2021 | F197: =VLOOKUP(A197,Sheet6!A:B,2,FALSE) -> 112.13 | G197: =VLOOKUP(A197,WTI原油期货!A:B,2,FALSE) -> 82.07 | H197: =VLOOKUP(A197,天然气期货!A:B,2,FALSE) -> 6.237 | I197: =VLOOKUP(A197,黄金期货!A:B,2,FALSE) -> 1650.7 | J197: =VLOOKUP(A197,Sheet2!A:C,3,FALSE) -> 1495 | L197: =(J197-J196)/J196 -> 0.031034483
A198: 44853 | B198: =VLOOKUP(A198,Sheet2!A:C,2,FALSE) -> 147 | C198: 3450 | D198: =VLOOKUP(A198,Sheet4!A:C,2,FALSE) -> 1070 | E198: =VLOOKUP(A198,Sheet5!A:B,2,FALSE) -> 7.2288 | F198: =VLOOKUP(A198,Sheet6!A:B,2,FALSE) -> 112.98 | G198: =VLOOKUP(A198,WTI原油期货!A:B,2,FALSE) -> 84.52 | H198: =VLOOKUP(A198,天然气期货!A:B,2,FALSE) -> 5.928 | I198: =VLOOKUP(A198,黄金期货!A:B,2,FALSE) -> 1629 | J198: =VLOOKUP(A198,Sheet2!A:C,3,FALSE) -> 1530 | L198: =(J198-J197)/J197 -> 0.023411371
A199: 44854 | B199: =VLOOKUP(A199,Sheet2!A:C,2,FALSE) -> 150 | C199: 3450 | D199: =VLOOKUP(A199,Sheet4!A:C,2,FALSE) -> 1069 | E199: =VLOOKUP(A199,Sheet5!A:B,2,FALSE) -> 7.2168 | F199: =VLOOKUP(A199,Sheet6!A:B,2,FALSE) -> 112.88 | G199: =VLOOKUP(A199,WTI原油期货!A:B,2,FALSE) -> 84.51 | H199: =VLOOKUP(A199,天然气期货!A:B,2,FALSE) -> 5.838 | I199: =VLOOKUP(A199,黄金期货!A:B,2,FALSE) -> 1631.8 | J199: =VLOOKUP(A199,Sheet2!A:C,3,FALSE) -> 1570 | L199: =(J199-J198)/J198 -> 0.026143791
A200: 44855 | B200: =VLOOKUP(A200,Sheet2!A:C,2,FALSE) -> 150 | C200: 3450 | D200: =VLOOKUP(A200,Sheet4!A:C,2,FALSE) -> 1069 | E200: =VLOOKUP(A200,Sheet5!A:B,2,FALSE) -> 7.2438 | F200: =VLOOKUP(A200,Sheet6!A:B,2,FALSE) -> 112.01 | G200: =VLOOKUP(A200,WTI原油期货!A:B,2,FALSE) -> 83.95 | H200: =VLOOKUP(A200,天然气期货!A:B,2,FALSE) -> 5.472 | I200: =VLOOKUP(A200,黄金期货!A:B,2,FALSE) -> 1651.5 | J200: =VLOOKUP(A200,Sheet2!A:C,3,FALSE) -> 1570 | L200: =(J200-J199)/J199 -> 0
A201: 44858 | B201: =VLOOKUP(A201,Sheet2!A:C,2,FALSE) -> 157 | C201: 3450 | D201: =VLOOKUP(A201,Sheet4!A:C,2,FALSE) -> 1067 | E201: =VLOOKUP(A201,Sheet5!A:B,2,FALSE) -> 7.263 | F201: =VLOOKUP(A201,Sheet6!A:B,2,FALSE) -> 111.99 | G201: =VLOOKUP(A201,WTI原油期货!A:B,2,FALSE) -> 83.59 | H201: =VLOOKUP(A201,天然气期货!A:B,2,FALSE) -> 5.753 | I201: =VLOOKUP(A201,黄金期货!A:B,2,FALSE) -> 1649.2 | J201: =VLOOKUP(A201,Sheet2!A:C,3,FALSE) -> 1570 | L201: =(J201-J200)/J200 -> 0
A202: 44859 | B202: =VLOOKUP(A202,Sheet2!A:C,2,FALSE) -> 156 | C202: 3450 | D202: =VLOOKUP(A202,Sheet4!A:C,2,FALSE) -> 1064 | E202: =VLOOKUP(A202,Sheet5!A:B,2,FALSE) -> 7.2694 | F202: =VLOOKUP(A202,Sheet6!A:B,2,FALSE) -> 110.95 | G202: =VLOOKUP(A202,WTI原油期货!A:B,2,FALSE) -> 84.31 | H202: =VLOOKUP(A202,天然气期货!A:B,2,FALSE) -> 6.166 | I202: =VLOOKUP(A202,黄金期货!A:B,2,FALSE) -> 1653.3 | J202: =VLOOKUP(A202,Sheet2!A:C,3,FALSE) -> 1550 | L202: =(J202-J201)/J201 -> -0.012738854
... A245: 44918 | B245: =VLOOKUP(A245,Sheet2!A:C,2,FALSE) -> 144 | C245: 3800 | D245: =VLOOKUP(A245,Sheet4!A:C,2,FALSE) -> 1014 | E245: =VLOOKUP(A245,Sheet5!A:B,2,FALSE) -> 6.9899 | F245: =VLOOKUP(A245,Sheet6!A:B,2,FALSE) -> 104.31 | G245: =VLOOKUP(A245,WTI原油期货!A:B,2,FALSE) -> 79.64 | H245: =VLOOKUP(A245,天然气期货!A:B,2,FALSE) -> 4.98 | I245: =VLOOKUP(A245,黄金期货!A:B,2,FALSE) -> 1797.4 | J245: =VLOOKUP(A245,Sheet2!A:C,3,FALSE) -> 1430 | L245: =(J245-J244)/J244 -> 0
A246: 44921 | B246: =VLOOKUP(A246,Sheet2!A:C,2,FALSE) -> 141 | C246: 3800 | D246: =VLOOKUP(A246,Sheet4!A:C,2,FALSE) -> 1012 | E246: =VLOOKUP(A246,Sheet5!A:B,2,FALSE) -> 6.9622 | F246: =F245 -> 104.31 | G246: =VLOOKUP(A246,WTI原油期货!A:B,2,FALSE) -> 80.97 | H246: =VLOOKUP(A246,天然气期货!A:B,2,FALSE) -> 5.144 | I246: =I245 -> 1797.4 | J246: =VLOOKUP(A246,Sheet2!A:C,3,FALSE) -> 1430 | L246: =(J246-J245)/J245 -> 0
A247: 44922 | B247: =VLOOKUP(A247,Sheet2!A:C,2,FALSE) -> 142 | C247: 3800 | D247: =VLOOKUP(A247,Sheet4!A:C,2,FALSE) -> 1013 | E247: =VLOOKUP(A247,Sheet5!A:B,2,FALSE) -> 6.9601 | F247: =VLOOKUP(A247,Sheet6!A:B,2,FALSE) -> 104.18 | G247: =VLOOKUP(A247,WTI原油期货!A:B,2,FALSE) -> 79.64 | H247: =VLOOKUP(A247,天然气期货!A:B,2,FALSE) -> 5.118 | I247: =VLOOKUP(A247,黄金期货!A:B,2,FALSE) -> 1816.3 | J247: =VLOOKUP(A247,Sheet2!A:C,3,FALSE) -> 1420 | L247: =(J247-J246)/J246 -> -0.006993007
A248: 44923 | B248: =VLOOKUP(A248,Sheet2!A:C,2,FALSE) -> 141 | C248: 3800 | D248: =VLOOKUP(A248,Sheet4!A:C,2,FALSE) -> 1012 | E248: =VLOOKUP(A248,Sheet5!A:B,2,FALSE) -> 6.9787 | F248: =VLOOKUP(A248,Sheet6!A:B,2,FALSE) -> 104.46 | G248: =VLOOKUP(A248,WTI原油期货!A:B,2,FALSE) -> 79.08 | H248: =VLOOKUP(A248,天然气期货!A:B,2,FALSE) -> 4.685 | I248: =VLOOKUP(A248,黄金期货!A:B,2,FALSE) -> 1808.8 | J248: =VLOOKUP(A248,Sheet2!A:C,3,FALSE) -> 1380 | L248: =(J248-J247)/J247 -> -0.028169014
A249: 44924 | B249: =VLOOKUP(A249,Sheet2!A:C,2,FALSE) -> 141 | C249: 3800 | D249: =VLOOKUP(A249,Sheet4!A:C,2,FALSE) -> 1011 | E249: =VLOOKUP(A249,Sheet5!A:B,2,FALSE) -> 6.9638 | F249: =VLOOKUP(A249,Sheet6!A:B,2,FALSE) -> 103.84 | G249: =VLOOKUP(A249,WTI原油期货!A:B,2,FALSE) -> 78.5 | H249: =VLOOKUP(A249,天然气期货!A:B,2,FALSE) -> 4.117 | I249: =VLOOKUP(A249,黄金期货!A:B,2,FALSE) -> 1826 | J249: =VLOOKUP(A249,Sheet2!A:C,3,FALSE) -> 1400 | L249: =(J249-J248)/J248 -> 0.014492754
A250: 44925 | B250: =VLOOKUP(A250,Sheet2!A:C,2,FALSE) -> 140 | C250: 3800 | D250: =VLOOKUP(A250,Sheet4!A:C,2,FALSE) -> 1011 | E250: =VLOOKUP(A250,Sheet5!A:B,2,FALSE) -> 6.8986 | F250: =VLOOKUP(A250,Sheet6!A:B,2,FALSE) -> 103.52 | G250: =VLOOKUP(A250,WTI原油期货!A:B,2,FALSE) -> 80.45 | H250: =VLOOKUP(A250,天然气期货!A:B,2,FALSE) -> 4.104 | I250: =VLOOKUP(A250,黄金期货!A:B,2,FALSE) -> 1826.2 | J250: =VLOOKUP(A250,Sheet2!A:C,3,FALSE) -> 1400 | L250: =(J250-J249)/J249 -> 0
A251: 44929 | B251: =VLOOKUP(A251,Sheet2!A:C,2,FALSE) -> 142 | C251: 3800 | D251: =VLOOKUP(A251,Sheet4!A:C,2,FALSE) -> 1009 | E251: =VLOOKUP(A251,Sheet5!A:B,2,FALSE) -> 6.915 | F251: =VLOOKUP(A251,Sheet6!A:B,2,FALSE) -> 104.52 | G251: =VLOOKUP(A251,WTI原油期货!A:B,2,FALSE) -> 77.12 | H251: =VLOOKUP(A251,天然气期货!A:B,2,FALSE) -> 3.641 | I251: =VLOOKUP(A251,黄金期货!A:B,2,FALSE) -> 1846.1 | J251: =VLOOKUP(A251,Sheet2!A:C,3,FALSE) -> 1400 | L251: =(J251-J250)/J250 -> 0
A252: 44930 | B252: =VLOOKUP(A252,Sheet2!A:C,2,FALSE) -> 141 | C252: 3800 | D252: =VLOOKUP(A252,Sheet4!A:C,2,FALSE) -> 1010 | E252: =VLOOKUP(A252,Sheet5!A:B,2,FALSE) -> 6.8888 | F252: =VLOOKUP(A252,Sheet6!A:B,2,FALSE) -> 104.25 | G252: =VLOOKUP(A252,WTI原油期货!A:B,2,FALSE) -> 73.1 | H252: =VLOOKUP(A252,天然气期货!A:B,2,FALSE) -> 3.78 | I252: =VLOOKUP(A252,黄金期货!A:B,2,FALSE) -> 1859 | J252: =VLOOKUP(A252,Sheet2!A:C,3,FALSE) -> 1410 | L252: =(J252-J251)/J251 -> 0.0071428571
A253: 44931 | B253: =VLOOKUP(A253,Sheet2!A:C,2,FALSE) -> 144 | C253: 3800 | D253: =VLOOKUP(A253,Sheet4!A:C,2,FALSE) -> 1005 | E253: =VLOOKUP(A253,Sheet5!A:B,2,FALSE) -> 6.882 | F253: =VLOOKUP(A253,Sheet6!A:B,2,FALSE) -> 105.04 | G253: =VLOOKUP(A253,WTI原油期货!A:B,2,FALSE) -> 73.92 | H253: =VLOOKUP(A253,天然气期货!A:B,2,FALSE) -> 3.426 | I253: =VLOOKUP(A253,黄金期货!A:B,2,FALSE) -> 1840.6 | J253: =VLOOKUP(A253,Sheet2!A:C,3,FALSE) -> 1420 | L253: =(J253-J252)/J252 -> 0.0070921986
A254: 44932 | B254: =VLOOKUP(A254,Sheet2!A:C,2,FALSE) -> 145 | C254: 3800 | D254: =VLOOKUP(A254,Sheet4!A:C,2,FALSE) -> 1003 | E254: =VLOOKUP(A254,Sheet5!A:B,2,FALSE) -> 6.8385 | F254: =VLOOKUP(A254,Sheet6!A:B,2,FALSE) -> 103.88 | G254: =VLOOKUP(A254,WTI原油期货!A:B,2,FALSE) -> 74.04 | H254: =VLOOKUP(A254,天然气期货!A:B,2,FALSE) -> 3.392 | I254: =VLOOKUP(A254,黄金期货!A:B,2,FALSE) -> 1869.7 | J254: =VLOOKUP(A254,Sheet2!A:C,3,FALSE) -> 1410 | L254: =(J254-J253)/J253 -> -0.0070422535
A255: 44935 | B255: =VLOOKUP(A255,Sheet2!A:C,2,FALSE) -> 143 | C255: 3800 | D255: =VLOOKUP(A255,Sheet4!A:C,2,FALSE) -> 1005 | E255: =VLOOKUP(A255,Sheet5!A:B,2,FALSE) -> 6.7725 | F255: =VLOOKUP(A255,Sheet6!A:B,2,FALSE) -> 103 | G255: =VLOOKUP(A255,WTI原油期货!A:B,2,FALSE) -> 74.92 | H255: =VLOOKUP(A255,天然气期货!A:B,2,FALSE) -> 3.563 | I255: =VLOOKUP(A255,黄金期货!A:B,2,FALSE) -> 1877.8 | J255: =VLOOKUP(A255,Sheet2!A:C,3,FALSE) -> 1400 | L255: =(J255-J254)/J254 -> -0.0070921986
A256: 44936 | B256: =VLOOKUP(A256,Sheet2!A:C,2,FALSE) -> 143 | C256: 3800 | D256: =VLOOKUP(A256,Sheet4!A:C,2,FALSE) -> 1005 | E256: =VLOOKUP(A256,Sheet5!A:B,2,FALSE) -> 6.7785 | F256: =VLOOKUP(A256,Sheet6!A:B,2,FALSE) -> 103.24 | G256: =VLOOKUP(A256,WTI原油期货!A:B,2,FALSE) -> 75.37 | H256: =VLOOKUP(A256,天然气期货!A:B,2,FALSE) -> 3.314 | I256: =VLOOKUP(A256,黄金期货!A:B,2,FALSE) -> 1876.5 | J256: =VLOOKUP(A256,Sheet2!A:C,3,FALSE) -> 1400 | L256: =(J256-J255)/J255 -> 0
A257: 44937 | B257: =VLOOKUP(A257,Sheet2!A:C,2,FALSE) -> 143 | C257: 3800 | D257: =VLOOKUP(A257,Sheet4!A:C,2,FALSE) -> 1005 | E257: =VLOOKUP(A257,Sheet5!A:B,2,FALSE) -> 6.7705 | F257: =VLOOKUP(A257,Sheet6!A:B,2,FALSE) -> 103.19 | G257: =VLOOKUP(A257,WTI原油期货!A:B,2,FALSE) -> 77.68 | H257: =VLOOKUP(A257,天然气期货!A:B,2,FALSE) -> 3.346 | I257: =VLOOKUP(A257,黄金期货!A:B,2,FALSE) -> 1878.9 | J257: =VLOOKUP(A257,Sheet2!A:C,3,FALSE) -> 1390 | L257: =(J257-J256)/J256 -> -0.0071428571
A258: 44938 | B258: =VLOOKUP(A258,Sheet2!A:C,2,FALSE) -> 141 | C258: 3800 | D258: =VLOOKUP(A258,Sheet4!A:C,2,FALSE) -> 1005 | E258: =VLOOKUP(A258,Sheet5!A:B,2,FALSE) -> 6.7388 | F258: =VLOOKUP(A258,Sheet6!A:B,2,FALSE) -> 102.25 | G258: =VLOOKUP(A258,WTI原油期货!A:B,2,FALSE) -> 78.65 | H258: =VLOOKUP(A258,天然气期货!A:B,2,FALSE) -> 3.355 | I258: =VLOOKUP(A258,黄金期货!A:B,2,FALSE) -> 1898.8 | J258: =VLOOKUP(A258,Sheet2!A:C,3,FALSE) -> 1390 | L258: =(J258-J257)/J257 -> 0
... A264: 44946 | B264: =VLOOKUP(A264,Sheet2!A:C,2,FALSE) -> 144 | C264: 3800 | D264: =VLOOKUP(A264,Sheet4!A:C,2,FALSE) -> 1008 | E264: =VLOOKUP(A264,Sheet5!A:B,2,FALSE) -> 6.7845 | F264: =VLOOKUP(A264,Sheet6!A:B,2,FALSE) -> 102.01 | G264: =VLOOKUP(A264,WTI原油期货!A:B,2,FALSE) -> 81.64 | H264: =VLOOKUP(A264,天然气期货!A:B,2,FALSE) -> 3.036 | I264: =VLOOKUP(A264,黄金期货!A:B,2,FALSE) -> 1928.2 | J264: =VLOOKUP(A264,Sheet2!A:C,3,FALSE) -> 1320 | L264: =(J264-J263)/J263 -> 0
A265: 44954 | B265: =VLOOKUP(A265,Sheet2!A:C,2,FALSE) -> 151 | C265: 3800 | D265: =VLOOKUP(A265,Sheet4!A:C,2,FALSE) -> 1012 | E265: =E264 -> 6.7845 | F265: =F264 -> 102.01 | G265: =G264 -> 81.64 | H265: =H264 -> 3.036 | I265: =I264 -> 1928.2 | J265: =VLOOKUP(A265,Sheet2!A:C,3,FALSE) -> 1320 | L265: =(J265-J264)/J264 -> 0
A266: 44955 | B266: =VLOOKUP(A266,Sheet2!A:C,2,FALSE) -> 150 | C266: 3800 | D266: =VLOOKUP(A266,Sheet4!A:C,2,FALSE) -> 1014 | E266: =E265 -> 6.7845 | F266: =F265 -> 102.01 | G266: =G265 -> 81.64 | H266: =H265 -> 3.036 | I266: =I265 -> 1928.2 | J266: =VLOOKUP(A266,Sheet2!A:C,3,FALSE) -> 1300 | L266: =(J266-J265)/J265 -> -0.015151515
A267: 44956 | B267: =VLOOKUP(A267,Sheet2!A:C,2,FALSE) -> 149 | C267: 3800 | D267: =VLOOKUP(A267,Sheet4!A:C,2,FALSE) -> 1018 | E267: =VLOOKUP(A267,Sheet5!A:B,2,FALSE) -> 6.7495 | F267: =VLOOKUP(A267,Sheet6!A:B,2,FALSE) -> 102.28 | G267: =VLOOKUP(A267,WTI原油期货!A:B,2,FALSE) -> 78.18 | H267: =VLOOKUP(A267,天然气期货!A:B,2,FALSE) -> 2.731 | I267: =VLOOKUP(A267,黄金期货!A:B,2,FALSE) -> 1930.2 | J267: =VLOOKUP(A267,Sheet2!A:C,3,FALSE) -> 1250 | L267: =(J267-J266)/J266 -> -0.038461538
A268: 44957 | B268: =VLOOKUP(A268,Sheet2!A:C,2,FALSE) -> 150 | C268: 3800 | D268: =VLOOKUP(A268,Sheet4!A:C,2,FALSE) -> 1019 | E268: =VLOOKUP(A268,Sheet5!A:B,2,FALSE) -> 6.7547 | F268: =VLOOKUP(A268,Sheet6!A:B,2,FALSE) -> 102.1 | G268: =VLOOKUP(A268,WTI原油期货!A:B,2,FALSE) -> 79.17 | H268: =VLOOKUP(A268,天然气期货!A:B,2,FALSE) -> 2.741 | I268: =VLOOKUP(A268,黄金期货!A:B,2,FALSE) -> 1936.6 | J268: =VLOOKUP(A268,Sheet2!A:C,3,FALSE) -> 1180 | L268: =(J268-J267)/J267 -> -0.056
A269: 44958 | B269: =VLOOKUP(A269,Sheet2!A:C,2,FALSE) -> 151 | C269: 3800 | D269: =VLOOKUP(A269,Sheet4!A:C,2,FALSE) -> 1019 | E269: =VLOOKUP(A269,Sheet5!A:B,2,FALSE) -> 6.7419 | F269: =VLOOKUP(A269,Sheet6!A:B,2,FALSE) -> 101.22 | G269: =VLOOKUP(A269,WTI原油期货!A:B,2,FALSE) -> 76.73 | H269: =VLOOKUP(A269,天然气期货!A:B,2,FALSE) -> 2.536 | I269: =VLOOKUP(A269,黄金期货!A:B,2,FALSE) -> 1934.3 | J269: =VLOOKUP(A269,Sheet2!A:C,3,FALSE) -> 1150 | L269: =(J269-J268)/J268 -> -0.025423729
...

Sheet Sheet2
A1: 日期 | B1: 港口库存 | C1: 镇江港颗粒硫磺价格
A2: 41641 | B2: 116.9 | C2: 1250
A3: 41642 | B3: 114.6 | C3: 1250
A4: 41642 | B4: 114.6 | C4: 1250
A5: 41645 | B5: 111 | C5: 1375
A6: 41646 | B6: 108.7 | C6: 1375
A7: 41647 | B7: 106 | C7: 1375
A8: 41648 | B8: 106 | C8: 1375
A9: 41649 | B9: 106 | C9: 1342.5
A10: 41652 | B10: 106 | C10: 1342.5
A11: 41653 | B11: 109 | C11: 1342.5
A12: 41654 | B12: 111.6 | C12: 1300
A13: 41655 | B13: 113.6 | C13: 1311.25
... A1885: 45622 | B1885: 216.7 | C1885: 1580

Sheet Sheet3
A1: 数据日期 | B1: 产品名称 | C1: 最低价 | D1: 最高价 | E1: 主流价 | F1: 单位
A2: 45908 | B2: 硫磺 | C2: 2600 | D2: 2620 | E2: 2610 | F2: 元/吨
A3: 45905 | B3: 硫磺 | C3: 2600 | D3: 2620 | E3: 2610 | F3: 元/吨
A4: 45904 | B4: 硫磺 | C4: 2580 | D4: 2600 | E4: 2590 | F4: 元/吨
A5: 45903 | B5: 硫磺 | C5: 2595 | D5: 2615 | E5: 2605 | F5: 元/吨
A6: 45902 | B6: 硫磺 | C6: 2605 | D6: 2625 | E6: 2615 | F6: 元/吨
A7: 45901 | B7: 硫磺 | C7: 2615 | D7: 2635 | E7: 2625 | F7: 元/吨
A8: 45898 | B8: 硫磺 | C8: 2610 | D8: 2630 | E8: 2620 | F8: 元/吨
A9: 45897 | B9: 硫磺 | C9: 2580 | D9: 2600 | E9: 2590 | F9: 元/吨
A10: 45896 | B10: 硫磺 | C10: 2580 | D10: 2600 | E10: 2590 | F10: 元/吨
A11: 45895 | B11: 硫磺 | C11: 2600 | D11: 2620 | E11: 2610 | F11: 元/吨
A12: 45894 | B12: 硫磺 | C12: 2585 | D12: 2605 | E12: 2595 | F12: 元/吨
A13: 45891 | B13: 硫磺 | C13: 2570 | D13: 2590 | E13: 2580 | F13: 元/吨
... A276: 45505 | B276: 硫磺 | C276: 1190 | D276: 1210 | E276: 1200 | F276: 元/吨

Sheet Sheet4
A1: 44561 | B1: 1101 | C1: 0
A2: 44562 | B2: 1101 | C2: 0
A3: 44563 | B3: 1101 | C3: 0
A4: 44564 | B4: 1101 | C4: 0
A5: 44565 | B5: 1100 | C5: -0.0009
A6: 44566 | B6: 1102 | C6: 0.0018
A7: 44567 | B7: 1101 | C7: -0.0009
A8: 44568 | B8: 1102 | C8: 0.0009
A9: 44569 | B9: 1102 | C9: 0
A10: 44570 | B10: 1102 | C10: 0
A11: 44571 | B11: 1104 | C11: 0.0018
A12: 44572 | B12: 1108 | C12: 0.0036
... A1346: 45910 | B1346: 867 | C1346: -0.0012

Sheet Sheet5
A1: 日期 | B1: 收盘 | C1: 开盘 | D1: 高 | E1: 低 | F1: 交易量 | G1: 涨跌幅
A2: 45911 | B2: 7.1202 | C2: 7.1172 | D2: 7.1259 | E2: 7.1186 | G2: -0.0001
A3: 45910 | B3: 7.1212 | C3: 7.1306 | D3: 7.1306 | E3: 7.1191 | G3: 0
A4: 45909 | B4: 7.1215 | C4: 7.1299 | D4: 7.1299 | E4: 7.1214 | G4: -0.0012
A5: 45908 | B5: 7.1299 | C5: 7.1318 | D5: 7.1367 | E5: 7.1293 | G5: -0.0004
A6: 45905 | B6: 7.1329 | C6: 7.1383 | D6: 7.1396 | E6: 7.1326 | G6: -0.0012
A7: 45904 | B7: 7.1417 | C7: 7.1415 | D7: 7.1439 | E7: 7.1384 | G7: -0.0001
A8: 45903 | B8: 7.1422 | C8: 7.1386 | D8: 7.1489 | E8: 7.1375 | G8: 0.0004
A9: 45902 | B9: 7.1395 | C9: 7.1387 | D9: 7.15 | E9: 7.1375 | G9: 0.0002
A10: 45901 | B10: 7.1378 | C10: 7.1312 | D10: 7.1382 | E10: 7.1282 | G10: 0.001
A11: 45898 | B11: 7.1308 | C11: 7.1342 | D11: 7.1345 | E11: 7.1265 | G11: 0
A12: 45897 | B12: 7.1307 | C12: 7.1485 | D12: 7.1551 | E12: 7.1301 | G12: -0.0033
A13: 45896 | B13: 7.1543 | C13: 7.1508 | D13: 7.1631 | E13: 7.1454 | G13: 0.0002
... A962: 44567 | B962: 6.383 | C962: 6.3707 | D962: 6.3859 | E962: 6.3667 | G962: 0.0029
A963: 44566 | B963: 6.3644 | C963: 6.3724 | D963: 6.3745 | E963: 6.3623 | F963: 4.51K | G963: -0.0013
A964: 44565 | B964: 6.3726 | C964: 6.3719 | D964: 6.3795 | E964: 6.3691 | F964: 4.65K | G964: 0.0026
A965: 44564 | B965: 6.3561 | C965: 6.3561 | D965: 6.3561 | E965: 6.3561 | G965: 0

Sheet Sheet6
A1: 日期 | B1: 收盘 | C1: 开盘 | D1: 高 | E1: 低 | F1: 交易量 | G1: 涨跌幅
A2: 44564 | B2: 96.21 | C2: 95.67 | D2: 96.33 | E2: 95.63 | G2: 0.0026
A3: 44565 | B3: 96.26 | C3: 96.19 | D3: 96.46 | E3: 96.03 | G3: 0.0005
A4: 44566 | B4: 96.17 | C4: 96.31 | D4: 96.33 | E4: 95.89 | G4: -0.0009
A5: 44567 | B5: 96.32 | C5: 96.2 | D5: 96.39 | E5: 96.04 | G5: 0.0015
A6: 44568 | B6: 95.72 | C6: 96.26 | D6: 96.29 | E6: 95.71 | G6: -0.0062
A7: 44571 | B7: 95.99 | C7: 95.74 | D7: 96.23 | E7: 95.74 | G7: 0.0028
A8: 44572 | B8: 95.62 | C8: 95.93 | D8: 96.07 | E8: 95.58 | G8: -0.0038
A9: 44573 | B9: 94.92 | C9: 95.58 | D9: 95.69 | E9: 94.91 | G9: -0.0074
A10: 44574 | B10: 94.79 | C10: 94.99 | D10: 95.02 | E10: 94.66 | G10: -0.0013
A11: 44575 | B11: 95.17 | C11: 94.87 | D11: 95.27 | E11: 94.63 | G11: 0.004
A12: 44578 | B12: 95.26 | C12: 95.17 | D12: 95.35 | E12: 95.04 | G12: 0.001
A13: 44579 | B13: 95.73 | C13: 95.22 | D13: 95.83 | E13: 95.13 | G13: 0.005
... A865: 45782 | B865: 99.83 | C865: 100 | D865: 100.05 | E865: 99.46 | G865: -0.002
A866: 45783 | B866: 99.24 | C866: 99.83 | D866: 100.1 | E866: 99.17 | F866: 0.00K | G866: -0.0059
A867: 45784 | B867: 99.61 | C867: 99.5 | D867: 99.97 | E867: 99.29 | F867: 0.00K | G867: 0.0038
A868: 45785 | B868: 100.64 | C868: 99.85 | D868: 100.76 | E868: 99.61 | F868: 0.00K | G868: 0.0103
A869: 45786 | B869: 100.34 | C869: 100.64 | D869: 100.86 | E869: 100.09 | G869: -0.003
A870: 45789 | B870: 101.79 | C870: 100.69 | D870: 101.98 | E870: 100.51 | F870: 0.00K | G870: 0.0144
A871: 45790 | B871: 101 | C871: 101.72 | D871: 101.76 | E871: 100.91 | F871: 0.00K | G871: -0.0077
A872: 45791 | B872: 101.04 | C872: 100.95 | D872: 101.14 | E872: 100.27 | F872: 0.00K | G872: 0.0004
A873: 45792 | B873: 100.88 | C873: 100.97 | D873: 101.06 | E873: 100.59 | F873: 0.00K | G873: -0.0016
A874: 45793 | B874: 101.09 | C874: 100.77 | D874: 101.26 | E874: 100.52 | G874: 0.0021
A875: 45796 | B875: 100.43 | C875: 100.9 | D875: 100.9 | E875: 100.06 | F875: 0.00K | G875: -0.0066
A876: 45797 | B876: 100.12 | C876: 100.43 | D876: 100.58 | E876: 100.01 | F876: 0.00K | G876: -0.0031
A877: 45798 | B877: 99.56 | C877: 99.99 | D877: 99.99 | E877: 99.34 | F877: 0.00K | G877: -0.0056
A878: 45799 | B878: 99.96 | C878: 99.64 | D878: 100.12 | E878: 99.44 | F878: 0.00K | G878: 0.004
A879: 45800 | B879: 99.11 | C879: 99.88 | D879: 99.94 | E879: 99.05 | G879: -0.0085
A880: 45803 | B880: 99.11 | C880: 99.09 | D880: 99.16 | E880: 98.69 | F880: 0.00K | G880: 0
A881: 45804 | B881: 99.52 | C881: 98.96 | D881: 99.61 | E881: 98.78 | F881: 0.00K | G881: 0.0041
A882: 45805 | B882: 99.88 | C882: 99.53 | D882: 99.96 | E882: 99.44 | F882: 0.00K | G882: 0.0036
A883: 45806 | B883: 99.28 | C883: 100.54 | D883: 100.54 | E883: 99.22 | F883: 0.00K | G883: -0.006
A884: 45807 | B884: 99.33 | C884: 99.25 | D884: 99.67 | E884: 99.13 | G884: 0.0005
A885: 45810 | B885: 98.71 | C885: 99.41 | D885: 99.42 | E885: 98.61 | F885: 0.00K | G885: -0.0063
A886: 45811 | B886: 99.23 | C886: 98.58 | D886: 99.33 | E886: 98.58 | F886: 0.00K | G886: 0.0053
A887: 45812 | B887: 98.79 | C887: 99.18 | D887: 99.39 | E887: 98.67 | F887: 0.00K | G887: -0.0044
A888: 45813 | B888: 98.74 | C888: 98.8 | D888: 98.94 | E888: 98.35 | F888: 0.00K | G888: -0.0005
A889: 45814 | B889: 99.19 | C889: 98.7 | D889: 99.36 | E889: 98.65 | G889: 0.0045
A890: 45817 | B890: 98.94 | C890: 99.2 | D890: 99.23 | E890: 98.82 | F890: 0.00K | G890: -0.0025
A891: 45818 | B891: 99.1 | C891: 98.98 | D891: 99.39 | E891: 98.86 | F891: 0.00K | G891: 0.0016
A892: 45819 | B892: 98.63 | C892: 98.96 | D892: 99.22 | E892: 98.53 | F892: 0.00K | G892: -0.0047
A893: 45820 | B893: 97.92 | C893: 98.46 | D893: 98.52 | E893: 97.6 | F893: 0.00K | G893: -0.0072
A894: 45821 | B894: 98.18 | C894: 97.81 | D894: 98.59 | E894: 97.62 | G894: 0.0027
A895: 45824 | B895: 98 | C895: 98.26 | D895: 98.36 | E895: 97.68 | F895: 0.00K | G895: -0.0019
A896: 45825 | B896: 98.82 | C896: 98.19 | D896: 98.87 | E896: 98.02 | F896: 0.00K | G896: 0.0084
A897: 45826 | B897: 98.9 | C897: 98.87 | D897: 99.01 | E897: 98.48 | F897: 0.00K | G897: 0.0009
A898: 45827 | B898: 98.9 | C898: 98.88 | D898: 99.16 | E898: 98.75 | F898: 0.00K | G898: 0
A899: 45828 | B899: 98.71 | C899: 98.67 | D899: 98.89 | E899: 98.54 | G899: -0.002
A900: 45831 | B900: 98.42 | C900: 99.09 | D900: 99.42 | E900: 98.35 | F900: 0.00K | G900: -0.0029
A901: 45832 | B901: 97.86 | C901: 98.16 | D901: 98.28 | E901: 97.71 | F901: 0.00K | G901: -0.0057
A902: 45833 | B902: 97.68 | C902: 97.93 | D902: 98.2 | E902: 97.65 | F902: 0.00K | G902: -0.0018
A903: 45834 | B903: 97.15 | C903: 97.55 | D903: 97.61 | E903: 97 | F903: 0.00K | G903: -0.0054
A904: 45835 | B904: 97.4 | C904: 97.33 | D904: 97.5 | E904: 97 | G904: 0.0026
A905: 45838 | B905: 96.88 | C905: 97.18 | D905: 97.32 | E905: 96.77 | F905: 0.00K | G905: -0.0054
A906: 45839 | B906: 96.82 | C906: 96.78 | D906: 96.95 | E906: 96.38 | F906: 0.00K | G906: -0.0006
A907: 45840 | B907: 96.78 | C907: 96.64 | D907: 97.15 | E907: 96.62 | F907: 0.00K | G907: -0.0004
A908: 45841 | B908: 97.18 | C908: 96.75 | D908: 97.42 | E908: 96.69 | F908: 0.00K | G908: 0.0042
A909: 45842 | B909: 96.96 | C909: 97.09 | D909: 97.18 | E909: 96.86 | F909: 0.00K | G909: -0.0022
A910: 45845 | B910: 97.48 | C910: 96.96 | D910: 97.67 | E910: 96.89 | F910: 0.00K | G910: 0.0053
A911: 45846 | B911: 97.52 | C911: 97.36 | D911: 97.84 | E911: 97.18 | F911: 0.00K | G911: 0.0004
A912: 45847 | B912: 97.56 | C912: 97.55 | D912: 97.75 | E912: 97.46 | F912: 0.00K | G912: 0.0004
A913: 45848 | B913: 97.65 | C913: 97.44 | D913: 97.92 | E913: 97.27 | F913: 0.00K | G913: 0.001
A914: 45849 | B914: 97.85 | C914: 97.57 | D914: 97.96 | E914: 97.56 | G914: 0.0021
A915: 45852 | B915: 98.08 | C915: 97.96 | D915: 98.14 | E915: 97.76 | F915: 0.00K | G915: 0.0023
A916: 45853 | B916: 98.62 | C916: 98.14 | D916: 98.7 | E916: 97.93 | F916: 0.00K | G916: 0.0055
A917: 45854 | B917: 98.39 | C917: 98.58 | D917: 98.91 | E917: 97.71 | F917: 0.00K | G917: -0.0023
A918: 45855 | B918: 98.73 | C918: 98.35 | D918: 98.95 | E918: 98.33 | F918: 0.00K | G918: 0.0035
A919: 45856 | B919: 98.48 | C919: 98.49 | D919: 98.57 | E919: 98.1 | G919: -0.0026
A920: 45859 | B920: 97.85 | C920: 98.36 | D920: 98.51 | E920: 97.7 | F920: 0.00K | G920: -0.0064
A921: 45860 | B921: 97.39 | C921: 97.87 | D921: 97.99 | E921: 97.31 | F921: 0.00K | G921: -0.0047
A922: 45861 | B922: 97.21 | C922: 97.47 | D922: 97.61 | E922: 97.19 | F922: 0.00K | G922: -0.0018
A923: 45862 | B923: 97.38 | C923: 97.18 | D923: 97.55 | E923: 97.11 | F923: 0.00K | G923: 0.0017
A924: 45863 | B924: 97.64 | C924: 97.45 | D924: 97.9 | E924: 97.43 | G924: 0.0028
A925: 45866 | B925: 98.63 | C925: 97.58 | D925: 98.68 | E925: 97.49 | F925: 0.00K | G925: 0.0101
A926: 45867 | B926: 98.89 | C926: 98.64 | D926: 99.14 | E926: 98.58 | F926: 0.00K | G926: 0.0026
A927: 45868 | B927: 99.82 | C927: 98.92 | D927: 99.98 | E927: 98.7 | F927: 0.00K | G927: 0.0094
A928: 45869 | B928: 99.97 | C928: 99.8 | D928: 100.1 | E928: 99.52 | F928: 0.00K | G928: 0.0015
A929: 45870 | B929: 99.14 | C929: 100.01 | D929: 100.26 | E929: 98.61 | G929: -0.0083
A930: 45873 | B930: 98.78 | C930: 98.65 | D930: 98.98 | E930: 98.59 | F930: 0.00K | G930: -0.0036
A931: 45874 | B931: 98.78 | C931: 98.62 | D931: 99.07 | E931: 98.58 | F931: 0.00K | G931: 0
A932: 45875 | B932: 98.18 | C932: 98.75 | D932: 98.84 | E932: 98.13 | F932: 0.00K | G932: -0.0061
A933: 45876 | B933: 98.4 | C933: 98.19 | D933: 98.47 | E933: 97.94 | F933: 0.00K | G933: 0.0023
A934: 45877 | B934: 98.18 | C934: 97.98 | D934: 98.35 | E934: 97.96 | G934: -0.0022
A935: 45880 | B935: 98.52 | C935: 98.24 | D935: 99.32 | E935: 98.03 | F935: 0.00K | G935: 0.0035
A936: 45881 | B936: 98.1 | C936: 98.51 | D936: 98.62 | E936: 97.9 | F936: 0.00K | G936: -0.0043
A937: 45882 | B937: 97.84 | C937: 98.04 | D937: 98.13 | E937: 97.63 | F937: 0.00K | G937: -0.0026
A938: 45883 | B938: 98.25 | C938: 97.75 | D938: 98.32 | E938: 97.63 | F938: 0.00K | G938: 0.0042
A939: 45884 | B939: 97.85 | C939: 98.18 | D939: 98.21 | E939: 97.72 | G939: -0.0041
A940: 45887 | B940: 98.17 | C940: 97.79 | D940: 98.19 | E940: 97.78 | F940: 0.00K | G940: 0.0032
A941: 45888 | B941: 98.26 | C941: 98.15 | D941: 98.32 | E941: 97.94 | F941: 0.00K | G941: 0.001
A942: 45889 | B942: 98.22 | C942: 98.29 | D942: 98.44 | E942: 98.08 | F942: 0.00K | G942: -0.0005
A943: 45890 | B943: 98.62 | C943: 98.25 | D943: 98.68 | E943: 98.18 | F943: 0.00K | G943: 0.0041
A944: 45891 | B944: 97.72 | C944: 98.6 | D944: 98.83 | E944: 97.56 | G944: -0.0092
A945: 45894 | B945: 98.43 | C945: 97.72 | D945: 98.54 | E945: 97.71 | F945: 0.00K | G945: 0.0073
A946: 45895 | B946: 98.22 | C946: 98.47 | D946: 98.56 | E946: 98.08 | F946: 0.00K | G946: -0.0021
A947: 45896 | B947: 98.23 | C947: 98.25 | D947: 98.73 | E947: 98.15 | F947: 0.00K | G947: 0.0001
A948: 45897 | B948: 97.81 | C948: 98.12 | D948: 98.23 | E948: 97.74 | F948: 0.00K | G948: -0.0043
A949: 45898 | B949: 97.77 | C949: 97.87 | D949: 98.13 | E949: 97.69 | G949: -0.0004
A950: 45901 | B950: 97.77 | C950: 97.83 | D950: 97.87 | E950: 97.54 | F950: 0.00K | G950: 0
A951: 45902 | B951: 98.4 | C951: 97.65 | D951: 98.6 | E951: 97.62 | F951: 0.00K | G951: 0.0064
...

Sheet WTI原油期货
A1: 日期 | B1: 收盘 | C1: 开盘 | D1: 高 | E1: 低 | F1: 交易量 | G1: 涨跌幅
A2: 44564 | B2: 75.85 | C2: 75.53 | D2: 76.18 | E2: 74.01 | F2: 112.23K | G2: 0.013
A3: 44565 | B3: 76.74 | C3: 75.8 | D3: 77.4 | E3: 75.47 | F3: 156.45K | G3: 0.0117
A4: 44566 | B4: 77.47 | C4: 76.88 | D4: 78.16 | E4: 76.25 | F4: 197.97K | G4: 0.0095
A5: 44567 | B5: 78.88 | C5: 76.79 | D5: 79.56 | E5: 76.28 | F5: 244.00K | G5: 0.0182
A6: 44568 | B6: 78.44 | C6: 79 | D6: 79.82 | E6: 78.07 | F6: 229.28K | G6: -0.0056
A7: 44571 | B7: 77.7 | C7: 78.51 | D7: 78.92 | E7: 77.34 | F7: 210.84K | G7: -0.0094
A8: 44572 | B8: 80.67 | C8: 77.87 | D8: 80.95 | E8: 77.83 | F8: 270.56K | G8: 0.0382
A9: 44573 | B9: 82.02 | C9: 80.71 | D9: 82.41 | E9: 80.55 | F9: 303.16K | G9: 0.0167
A10: 44574 | B10: 81.62 | C10: 82.12 | D10: 82.29 | E10: 80.91 | F10: 289.31K | G10: -0.0049
A11: 44575 | B11: 83.3 | C11: 81.21 | D11: 83.79 | E11: 81.1 | F11: 323.11K | G11: 0.0206
A12: 44577 | B12: 83.83 | C12: 83.78 | D12: 84.09 | E12: 83.68 | G12: 0.0064
A13: 44578 | B13: 83.69 | C13: 83.84 | D13: 83.95 | E13: 82.94 | G13: -0.0017
A14: 44579 | B14: 84.83 | C14: 83.77 | D14: 85.98 | E14: 82.93 | F14: 494.00K | G14: 0.0136
A15: 44580 | B15: 85.8 | C15: 85.89 | D15: 86.79 | E15: 84.99 | F15: 511.05K | G15: 0.0114
A16: 44581 | B16: 85.55 | C16: 85.06 | D16: 87.1 | E16: 84.2 | F16: 532.20K | G16: -0.0029
A17: 44582 | B17: 84.14 | C17: 83.65 | D17: 84.53 | E17: 81.96 | F17: 159.57K | G17: -0.0165
A18: 44585 | B18: 82.41 | C18: 83.84 | D18: 85.1 | E18: 81.06 | F18: 153.83K | G18: -0.0206
A19: 44586 | B19: 84.37 | C19: 83.32 | D19: 84.54 | E19: 82.14 | F19: 223.59K | G19: 0.0238
A20: 44587 | B20: 85.96 | C20: 84.1 | D20: 86.51 | E20: 83.84 | F20: 175.93K | G20: 0.0188
A21: 44588 | B21: 85.29 | C21: 85.71 | D21: 87.08 | E21: 84.9 | F21: 153.94K | G21: -0.0078
A22: 44589 | B22: 85.43 | C22: 86 | D22: 87.36 | E22: 85.06 | F22: 144.85K | G22: 0.0016
A23: 44592 | B23: 86.49 | C23: 85.92 | D23: 86.68 | E23: 84.96 | F23: 144.70K | G23: 0.0124
A24: 44593 | B24: 86.46 | C24: 86.45 | D24: 87.12 | E24: 84.92 | F24: 151.60K | G24: -0.0003
A25: 44594 | B25: 86.69 | C25: 86.64 | D25: 87.93 | E25: 85.56 | F25: 189.90K | G25: 0.0027
... A37: 44610 | B37: 90.21 | C37: 90.06 | D37: 91.07 | E37: 87.46 | F37: 566.36K | G37: 0.0019
A38: 44612 | B38: 91.62 | C38: 91.22 | D38: 91.74 | E38: 91.08 | G38: 0.0156
A39: 44613 | B39: 92.65 | C39: 91.62 | D39: 93.91 | E39: 89.08 | G39: 0.0112
A40: 44614 | B40: 91.91 | C40: 91.32 | D40: 94.95 | E40: 89.06 | F40: 789.04K | G40: -0.008
A41: 44615 | B41: 90.69 | C41: 90.31 | D41: 92.36 | E41: 89.34 | F41: 150.13K | G41: -0.0133
A42: 44616 | B42: 90.94 | C42: 91.08 | D42: 98.44 | E42: 89.65 | F42: 289.12K | G42: 0.0028
A43: 44617 | B43: 89.89 | C43: 91.48 | D43: 93.73 | E43: 88.49 | F43: 160.46K | G43: -0.0115
A44: 44620 | B44: 93.5 | C44: 92.97 | D44: 96.92 | E44: 92.42 | F44: 176.43K | G44: 0.0402
A45: 44621 | B45: 100.21 | C45: 93.88 | D45: 103.06 | E45: 93.21 | F45: 285.55K | G45: 0.0718
A46: 44622 | B46: 107.06 | C46: 103.43 | D46: 108.91 | E46: 101.86 | F46: 219.17K | G46: 0.0684
A47: 44623 | B47: 104.61 | C47: 107.27 | D47: 112.65 | E47: 103.14 | F47: 190.66K | G47: -0.0229
A48: 44624 | B48: 112.11 | C48: 105.04 | D48: 112.54 | E48: 104.36 | F48: 167.99K | G48: 0.0717
A49: 44627 | B49: 115.8 | C49: 116.03 | D49: 126.42 | E49: 111.87 | F49: 202.56K | G49: 0.0329
A50: 44628 | B50: 119.65 | C50: 116.98 | D50: 124.98 | E50: 113.66 | F50: 200.16K | G50: 0.0332
A51: 44629 | B51: 105.05 | C51: 120.66 | D51: 122.73 | E51: 99.55 | F51: 249.98K | G51: -0.122
... A107: 44708 | B107: 112.23 | C107: 111.25 | D107: 112.42 | E107: 110.06 | F107: 57.72K | G107: 0.0088
A108: 44710 | B108: 115.61 | C108: 115.3 | D108: 115.81 | E108: 115.2 | G108: 0.0301
A109: 44711 | B109: 117.61 | C109: 115.58 | D109: 117.79 | E109: 115.39 | G109: 0.0173
A110: 44712 | B110: 111.91 | C110: 112.1 | D110: 117.07 | E110: 111.5 | F110: 113.51K | G110: -0.0485
A111: 44713 | B111: 112.72 | C111: 112.74 | D111: 115 | E111: 111.86 | F111: 91.07K | G111: 0.0072
A112: 44714 | B112: 114.3 | C112: 112.27 | D112: 115.1 | E112: 108.94 | F112: 114.86K | G112: 0.014
A113: 44715 | B113: 116.23 | C113: 114.9 | D113: 117.77 | E113: 112.73 | F113: 74.48K | G113: 0.0169
A114: 44718 | B114: 116.06 | C114: 118.17 | D114: 118.28 | E114: 115.15 | F114: 77.61K | G114: -0.0015
A115: 44719 | B115: 117.1 | C115: 116.66 | D115: 118 | E115: 115.04 | F115: 140.80K | G115: 0.009
A116: 44720 | B116: 119.78 | C116: 117.7 | D116: 120.75 | E116: 117.02 | F116: 131.93K | G116: 0.0229
A117: 44721 | B117: 119.09 | C117: 120.11 | D117: 120.4 | E117: 118.52 | F117: 122.09K | G117: -0.0058
A118: 44722 | B118: 118.12 | C118: 119.07 | D118: 120.15 | E118: 115.84 | F118: 133.85K | G118: -0.0081
A119: 44725 | B119: 118.25 | C119: 117.71 | D119: 119.57 | E119: 114.9 | F119: 150.05K | G119: 0.0011
A120: 44726 | B120: 116.26 | C120: 118.45 | D120: 120.88 | E120: 114.2 | F120: 203.95K | G120: -0.0168
A121: 44727 | B121: 113.09 | C121: 116.41 | D121: 116.93 | E121: 112.37 | F121: 198.93K | G121: -0.0273
... A123: 44729 | B123: 107.99 | C123: 114.74 | D123: 116.58 | E123: 106.4 | F123: 426.00K | G123: -0.063
A124: 44731 | B124: 108.94 | C124: 108.97 | D124: 109.34 | E124: 108.78 | G124: 0.0088
A125: 44732 | B125: 108.84 | C125: 108.97 | D125: 109.17 | E125: 106.84 | G125: -0.0009
A126: 44733 | B126: 109.52 | C126: 108.75 | D126: 111.16 | E126: 106.82 | F126: 427.26K | G126: 0.0062
A127: 44734 | B127: 103.99 | C127: 107.33 | D127: 107.56 | E127: 99.66 | F127: 141.20K | G127: -0.0505
A128: 44735 | B128: 101.58 | C128: 102.53 | D128: 104.62 | E128: 100.24 | F128: 120.06K | G128: -0.0232
A129: 44736 | B129: 104.45 | C129: 101.31 | D129: 105.44 | E129: 100.84 | F129: 116.65K | G129: 0.0283
A130: 44739 | B130: 106.38 | C130: 104.37 | D130: 107.28 | E130: 102.48 | F130: 90.13K | G130: 0.0185
A131: 44740 | B131: 108.89 | C131: 107 | D131: 109.31 | E131: 106.59 | F131: 107.61K | G131: 0.0236
A132: 44741 | B132: 107.01 | C132: 109 | D132: 111.14 | E132: 106.45 | F132: 101.28K | G132: -0.0173
A133: 44742 | B133: 103.1 | C133: 106.67 | D133: 107.76 | E133: 102.68 | F133: 156.01K | G133: -0.0365
A134: 44743 | B134: 105.39 | C134: 103.33 | D134: 106.26 | E134: 101.94 | F134: 99.69K | G134: 0.0222
A135: 44745 | B135: 108.19 | C135: 108.67 | D135: 108.81 | E135: 108.14 | G135: 0.0266
A136: 44746 | B136: 110.4 | C136: 108.17 | D136: 110.77 | E136: 107.25 | G136: 0.0204
A137: 44747 | B137: 96.52 | C137: 105.6 | D137: 108.28 | E137: 94.62 | F137: 199.37K | G137: -0.1257
A138: 44748 | B138: 94.98 | C138: 97.44 | D138: 99.11 | E138: 92.18 | F138: 166.60K | G138: -0.016
A139: 44749 | B139: 99.25 | C139: 94.62 | D139: 100.78 | E139: 93 | F139: 144.92K | G139: 0.045
A140: 44750 | B140: 101.53 | C140: 98.92 | D140: 101.97 | E140: 98.4 | F140: 124.09K | G140: 0.023
A141: 44753 | B141: 101.21 | C141: 101.33 | D141: 102 | E141: 97.94 | F141: 142.49K | G141: -0.0032
A142: 44754 | B142: 93.31 | C142: 100.57 | D142: 100.57 | E142: 92.83 | F142: 191.25K | G142: -0.0781
A143: 44755 | B143: 93.83 | C143: 93.3 | D143: 95.34 | E143: 91.14 | F143: 187.17K | G143: 0.0056
A144: 44756 | B144: 92.83 | C144: 94.14 | D144: 94.49 | E144: 88.23 | F144: 255.52K | G144: -0.0107
A145: 44757 | B145: 94.57 | C145: 93.51 | D145: 96.05 | E145: 91.64 | F145: 189.25K | G145: 0.0187
A146: 44760 | B146: 99.42 | C146: 94.34 | D146: 99.62 | E146: 92.88 | F146: 291.70K | G146: 0.0513
A147: 44761 | B147: 100.74 | C147: 98.86 | D147: 100.99 | E147: 96.52 | F147: 327.21K | G147: 0.0133
A148: 44762 | B148: 99.88 | C148: 100.34 | D148: 100.72 | E148: 98.16 | F148: 315.62K | G148: -0.0085
... A180: 44806 | B180: 86.48 | C180: 85.99 | D180: 89.15 | E180: 85.93 | F180: 81.80K | G180: 0.003
A181: 44808 | B181: 88.25 | C181: 86.91 | D181: 88.28 | E181: 86.91 | G181: 0.0205
A182: 44809 | B182: 88.96 | C182: 88.27 | D182: 90.37 | E182: 87.98 | G182: 0.008
A183: 44810 | B183: 86.51 | C183: 86.49 | D183: 89.99 | E183: 85.88 | F183: 104.66K | G183: -0.0275
A184: 44811 | B184: 81.63 | C184: 86.53 | D184: 87.33 | E184: 81.18 | F184: 123.25K | G184: -0.0564
A185: 44812 | B185: 83.07 | C185: 81.57 | D185: 83.72 | E185: 80.89 | F185: 131.42K | G185: 0.0176
A186: 44813 | B186: 86.36 | C186: 82.3 | D186: 86.68 | E186: 82.23 | F186: 139.12K | G186: 0.0396
A187: 44816 | B187: 87.41 | C187: 85.84 | D187: 88.64 | E187: 84.78 | F187: 133.78K | G187: 0.0122
A188: 44817 | B188: 86.89 | C188: 87.82 | D188: 88.9 | E188: 84.66 | F188: 183.48K | G188: -0.0059
A189: 44818 | B189: 88.05 | C189: 87.24 | D189: 89.63 | E189: 85.75 | F189: 208.02K | G189: 0.0134
A190: 44819 | B190: 84.65 | C190: 88.7 | D190: 88.7 | E190: 84.09 | F190: 182.29K | G190: -0.0386
A191: 44820 | B191: 84.76 | C191: 84.66 | D191: 86.18 | E191: 83.86 | F191: 231.14K | G191: 0.0013
A192: 44823 | B192: 85.36 | C192: 84.81 | D192: 85.88 | E192: 81.73 | F192: 262.90K | G192: 0.0071
A193: 44824 | B193: 83.94 | C193: 85.02 | D193: 86.12 | E193: 83.01 | F193: 279.81K | G193: -0.0166
A194: 44825 | B194: 82.43 | C194: 83.6 | D194: 85.99 | E194: 82 | F194: 144.13K | G194: -0.018
... A239: 44888 | B239: 78.07 | C239: 80.86 | D239: 81.7 | E239: 76.95 | F239: 120.39K | G239: -0.0329
A240: 44889 | B240: 77.95 | C240: 77.53 | D240: 78.19 | E240: 76.92 | G240: -0.0015
A241: 44890 | B241: 76.43 | C241: 77.57 | D241: 79.92 | E241: 76.37 | F241: 59.52K | G241: -0.0195
A242: 44893 | B242: 77.33 | C242: 76.19 | D242: 77.89 | E242: 73.77 | F242: 132.62K | G242: 0.0118
...

Sheet 黄金期货
A1: 日期 | B1: 收盘 | C1: 开盘 | D1: 高 | E1: 低 | F1: 交易量 | G1: 涨跌幅
A2: 44564 | B2: 1800.1 | C2: 1830.1 | D2: 1833 | E2: 1798.2 | F2: 168.31K | G2: -0.0156
A3: 44565 | B3: 1814.6 | C3: 1801.1 | D3: 1817.2 | E3: 1798.1 | F3: 167.71K | G3: 0.0081
A4: 44566 | B4: 1825.1 | C4: 1815.2 | D4: 1830.7 | E4: 1808.2 | F4: 173.34K | G4: 0.0058
A5: 44567 | B5: 1789.2 | C5: 1810.6 | D5: 1811.6 | E5: 1785.4 | F5: 238.64K | G5: -0.0197
A6: 44568 | B6: 1797.4 | C6: 1791 | D6: 1798.4 | E6: 1781.3 | F6: 238.93K | G6: 0.0046
A7: 44571 | B7: 1798.8 | C7: 1796.4 | D7: 1802 | E7: 1789.3 | F7: 173.04K | G7: 0.0008
A8: 44572 | B8: 1818.5 | C8: 1801.3 | D8: 1823.1 | E8: 1799.7 | F8: 184.15K | G8: 0.011
A9: 44573 | B9: 1827.3 | C9: 1821.3 | D9: 1828.2 | E9: 1814.4 | F9: 192.98K | G9: 0.0048
A10: 44574 | B10: 1821.4 | C10: 1825.7 | D10: 1828.3 | E10: 1811.8 | F10: 215.52K | G10: -0.0032
A11: 44575 | B11: 1816.5 | C11: 1822.1 | D11: 1829.3 | E11: 1814.2 | F11: 174.94K | G11: -0.0027
A12: 44578 | B12: 1812.4 | C12: 1818.7 | D12: 1822.9 | E12: 1804.7 | F12: 362.94K | G12: -0.0023
A13: 44579 | B13: 1812.4 | C13: 1818.7 | D13: 1822.9 | E13: 1804.7 | F13: 362.94K | G13: 0
... A636: 45461 | B636: 2334.8 | C636: 2323.3 | D636: 2334.5 | E636: 2309.1 | F636: 0.39K | G636: 0.0077
A637: 45462 | B637: 2343 | C637: 2342.95 | D637: 2349.65 | E637: 2338.6 | G637: 0.0035
A638: 45463 | B638: 2357 | C638: 2331.4 | D638: 2367 | E638: 2327 | F638: 0.83K | G638: 0.006
A639: 45464 | B639: 2319.1 | C639: 2361.5 | D639: 2370 | E639: 2318 | F639: 0.60K | G639: -0.0161
A640: 45467 | B640: 2332.4 | C640: 2322.1 | D640: 2334.7 | E640: 2318 | F640: 0.60K | G640: 0.0057
A641: 45468 | B641: 2318.4 | C641: 2334.4 | D641: 2336.2 | E641: 2314.8 | F641: 1.26K | G641: -0.006
A642: 45469 | B642: 2301 | C642: 2318.8 | D642: 2320.5 | E642: 2292.9 | F642: 0.99K | G642: -0.0075
A643: 45470 | B643: 2336.6 | C643: 2309.4 | D643: 2342 | E643: 2306.8 | F643: 140.23K | G643: 0.0155
A644: 45471 | B644: 2339.6 | C644: 2338.6 | D644: 2350.6 | E644: 2329.7 | F644: 135.38K | G644: 0.0013
A645: 45474 | B645: 2338.9 | C645: 2336.2 | D645: 2348.8 | E645: 2328.2 | F645: 142.60K | G645: -0.0003
A646: 45475 | B646: 2333.4 | C646: 2341.6 | D646: 2346.1 | E646: 2327.4 | F646: 153.71K | G646: -0.0024
A647: 45476 | B647: 2369.4 | C647: 2338.6 | D647: 2374.5 | E647: 2335.7 | F647: 193.64K | G647: 0.0154
A648: 45477 | B648: 2364.6 | C648: 2367.2 | D648: 2371.05 | E648: 2359.35 | G648: -0.002
A649: 45478 | B649: 2397.7 | C649: 2365.8 | D649: 2401.5 | E649: 2356 | F649: 293.25K | G649: 0.014
A650: 45481 | B650: 2363.5 | C650: 2396.2 | D650: 2399.3 | E650: 2358.3 | F650: 240.78K | G650: -0.0143
A651: 45482 | B651: 2367.9 | C651: 2366.5 | D651: 2378.3 | E651: 2356 | F651: 252.49K | G651: 0.0019
A652: 45483 | B652: 2379.7 | C652: 2371 | D652: 2393.4 | E652: 2369.7 | F652: 163.90K | G652: 0.005
A653: 45484 | B653: 2421.9 | C653: 2377.4 | D653: 2430.4 | E653: 2376.8 | F653: 303.52K | G653: 0.0177
A654: 45485 | B654: 2420.7 | C654: 2421 | D654: 2423.2 | E654: 2396.1 | F654: 220.93K | G654: -0.0005
A655: 45488 | B655: 2428.9 | C655: 2419.3 | D655: 2445 | E655: 2406.1 | F655: 193.54K | G655: 0.0034
A656: 45489 | B656: 2467.8 | C656: 2427.1 | D656: 2474.5 | E656: 2424.5 | F656: 246.09K | G656: 0.016
A657: 45490 | B657: 2459.9 | C657: 2473.2 | D657: 2488.4 | E657: 2455.5 | F657: 259.54K | G657: -0.0032
A658: 45491 | B658: 2456.4 | C658: 2462.5 | D658: 2478.5 | E658: 2442.9 | F658: 192.77K | G658: -0.0014
A659: 45492 | B659: 2399.1 | C659: 2448 | D659: 2448.4 | E659: 2395.7 | F659: 254.41K | G659: -0.0233
A660: 45495 | B660: 2394.7 | C660: 2403.7 | D660: 2414.4 | E660: 2385.2 | F660: 197.56K | G660: -0.0018
... A943: 45898 | B943: 3516.1 | C943: 3477.2 | D943: 3518.5 | E943: 3463 | F943: 188.55K | G943: 0.012
A944: 45900 | B944: 3512 | C944: 3517.65 | D944: 3517.65 | E944: 3509.7 | G944: -0.0012
A945: 45901 | B945: 3551.82 | C945: 3511.17 | D945: 3556.87 | E945: 3506.05 | F945: 127.09K | G945: 0.0113
A946: 45902 | B946: 3592.2 | C946: 3517.9 | D946: 3602.4 | E946: 3506 | F946: 374.14K | G946: 0.0114
A947: 45903 | B947: 3635.5 | C947: 3600 | D947: 3640.1 | E947: 3592.4 | F947: 220.79K | G947: 0.0121
A948: 45904 | B948: 3606.7 | C948: 3619.8 | D948: 3621.6 | E948: 3573.7 | F948: 232.58K | G948: -0.0079
A949: 45905 | B949: 3653.3 | C949: 3602 | D949: 3655.5 | E949: 3595.4 | F949: 237.65K | G949: 0.0129
A950: 45907 | B950: 3630.8 | C950: 3634.3 | D950: 3637.3 | E950: 3623.5 | F950: 20.42K | G950: -0.0062
A951: 45908 | B951: 3677.4 | C951: 3635 | D951: 3685.7 | E951: 3621.7 | F951: 227.64K | G951: 0.0128
A952: 45909 | B952: 3682.2 | C952: 3676.6 | D952: 3715.2 | E952: 3663.7 | F952: 262.66K | G952: 0.0013
A953: 45910 | B953: 3683.3 | C953: 3662 | D953: 3697.5 | E953: 3651.4 | F953: 5.08K | G953: 0.0003
A954: 45911 | B954: 3672 | C954: 3683.5 | D954: 3687.42 | E954: 3651.9 | F954: 157.03K | G954: -0.0031

Sheet 天然气期货
A1: 日期 | B1: 收盘 | C1: 开盘 | D1: 高 | E1: 低 | F1: 交易量 | G1: 涨跌幅
A2: 44564 | B2: 3.678 | C2: 3.554 | D2: 3.709 | E2: 3.5 | F2: 52.87K | G2: 0.034
A3: 44565 | B3: 3.582 | C3: 3.674 | D3: 3.777 | E3: 3.573 | F3: 56.26K | G3: -0.0261
A4: 44566 | B4: 3.71 | C4: 3.611 | D4: 3.738 | E4: 3.591 | F4: 48.91K | G4: 0.0357
A5: 44567 | B5: 3.67 | C5: 3.679 | D5: 3.757 | E5: 3.647 | F5: 45.46K | G5: -0.0108
A6: 44568 | B6: 3.726 | C6: 3.716 | D6: 3.803 | E6: 3.664 | F6: 66.76K | G6: 0.0153
A7: 44571 | B7: 3.834 | C7: 3.91 | D7: 3.966 | E7: 3.764 | F7: 89.08K | G7: 0.029
A8: 44572 | B8: 3.968 | C8: 3.868 | D8: 3.98 | E8: 3.787 | F8: 76.68K | G8: 0.035
A9: 44573 | B9: 4.327 | C9: 3.948 | D9: 4.356 | E9: 3.926 | F9: 125.21K | G9: 0.0905
A10: 44574 | B10: 4.005 | C10: 4.296 | D10: 4.329 | E10: 3.99 | F10: 115.34K | G10: -0.0744
A11: 44575 | B11: 4.081 | C11: 4.01 | D11: 4.097 | E11: 3.933 | F11: 67.72K | G11: 0.019
A12: 44577 | B12: 4.335 | C12: 4.338 | D12: 4.35 | E12: 4.323 | G12: 0.0622
A13: 44578 | B13: 4.276 | C13: 4.33 | D13: 4.353 | E13: 4.216 | G13: -0.0136
A14: 44579 | B14: 4.048 | C14: 4.143 | D14: 4.18 | E14: 4.002 | F14: 77.07K | G14: -0.0533
A15: 44580 | B15: 3.845 | C15: 4.071 | D15: 4.119 | E15: 3.834 | F15: 84.60K | G15: -0.0501
A16: 44581 | B16: 3.649 | C16: 3.834 | D16: 3.868 | E16: 3.629 | F16: 97.44K | G16: -0.051
A17: 44582 | B17: 3.782 | C17: 3.68 | D17: 3.829 | E17: 3.669 | F17: 75.32K | G17: 0.0364
A18: 44585 | B18: 3.875 | C18: 3.709 | D18: 3.912 | E18: 3.693 | F18: 90.92K | G18: 0.0246
A19: 44586 | B19: 3.894 | C19: 3.811 | D19: 3.919 | E19: 3.761 | F19: 91.17K | G19: 0.0049
A20: 44587 | B20: 4.036 | C20: 3.885 | D20: 4.194 | E20: 3.856 | F20: 158.50K | G20: 0.0365
A21: 44588 | B21: 4.283 | C21: 4 | D21: 4.42 | E21: 3.99 | F21: 193.25K | G21: 0.0612
A22: 44589 | B22: 4.473 | C22: 4.222 | D22: 4.629 | E22: 4.192 | F22: 137.04K | G22: 0.0444
A23: 44592 | B23: 4.675 | C23: 4.637 | D23: 4.803 | E23: 4.533 | F23: 81.26K | G23: 0.0452
A24: 44593 | B24: 4.573 | C24: 4.696 | D24: 4.736 | E24: 4.474 | F24: 66.06K | G24: -0.0218
A25: 44594 | B25: 5.044 | C25: 4.681 | D25: 5.053 | E25: 4.664 | F25: 164.67K | G25: 0.103
... A37: 44610 | B37: 4.377 | C37: 4.451 | D37: 4.585 | E37: 4.306 | F37: 98.02K | G37: -0.012
A38: 44612 | B38: 4.579 | C38: 4.529 | D38: 4.598 | E38: 4.527 | G38: 0.0462
A39: 44613 | B39: 4.705 | C39: 4.58 | D39: 4.745 | E39: 4.52 | G39: 0.0275
A40: 44614 | B40: 4.461 | C40: 4.505 | D40: 4.746 | E40: 4.409 | F40: 141.92K | G40: -0.0519
A41: 44615 | B41: 4.593 | C41: 4.466 | D41: 4.685 | E41: 4.437 | F41: 136.53K | G41: 0.0296
A42: 44616 | B42: 4.641 | C42: 4.592 | D42: 4.938 | E42: 4.555 | F42: 184.11K | G42: 0.0105
A43: 44617 | B43: 4.485 | C43: 4.591 | D43: 4.724 | E43: 4.435 | F43: 48.17K | G43: -0.0336
A44: 44620 | B44: 4.42 | C44: 4.63 | D44: 4.7 | E44: 4.392 | F44: 51.67K | G44: -0.0145
A45: 44621 | B45: 4.598 | C45: 4.425 | D45: 4.649 | E45: 4.361 | F45: 61.82K | G45: 0.0403
A46: 44622 | B46: 4.787 | C46: 4.631 | D46: 4.928 | E46: 4.63 | F46: 80.45K | G46: 0.0411
A47: 44623 | B47: 4.736 | C47: 4.813 | D47: 4.949 | E47: 4.653 | F47: 86.53K | G47: -0.0107
A48: 44624 | B48: 5.036 | C48: 4.763 | D48: 5.06 | E48: 4.758 | F48: 59.64K | G48: 0.0633
A49: 44627 | B49: 4.858 | C49: 5.057 | D49: 5.199 | E49: 4.809 | F49: 71.58K | G49: -0.0353
A50: 44628 | B50: 4.563 | C50: 4.848 | D50: 4.909 | E50: 4.541 | F50: 87.82K | G50: -0.0607
A51: 44629 | B51: 4.561 | C51: 4.615 | D51: 4.664 | E51: 4.488 | F51: 52.78K | G51: -0.0004
... A107: 44708 | B107: 8.712 | C107: 8.797 | D107: 8.875 | E107: 8.275 | F107: 22.81K | G107: -0.0206
A108: 44710 | B108: 8.815 | C108: 8.829 | D108: 8.841 | E108: 8.701 | G108: 0.0118
A109: 44711 | B109: 8.686 | C109: 8.819 | D109: 8.908 | E109: 8.598 | G109: -0.0146
A110: 44712 | B110: 8.138 | C110: 8.87 | D110: 8.897 | E110: 8.111 | F110: 34.63K | G110: -0.0631
A111: 44713 | B111: 8.686 | C111: 8.25 | D111: 8.779 | E111: 8.143 | F111: 29.20K | G111: 0.0673
A112: 44714 | B112: 8.474 | C112: 8.751 | D112: 9.04 | E112: 8.37 | F112: 29.36K | G112: -0.0244
A113: 44715 | B113: 8.51 | C113: 8.406 | D113: 8.677 | E113: 8.257 | F113: 22.80K | G113: 0.0042
A114: 44718 | B114: 9.306 | C114: 8.696 | D114: 9.383 | E114: 8.696 | F114: 32.88K | G114: 0.0935
A115: 44719 | B115: 9.278 | C115: 9.365 | D115: 9.514 | E115: 9.187 | F115: 68.45K | G115: -0.003
A116: 44720 | B116: 8.679 | C116: 9.347 | D116: 9.645 | E116: 8.447 | F116: 116.44K | G116: -0.0646
A117: 44721 | B117: 8.978 | C117: 8.612 | D117: 9.041 | E117: 8.022 | F117: 104.72K | G117: 0.0345
A118: 44722 | B118: 8.867 | C118: 9.011 | D118: 9.161 | E118: 8.635 | F118: 61.07K | G118: -0.0124
A119: 44725 | B119: 8.619 | C119: 8.888 | D119: 8.968 | E119: 8.388 | F119: 71.30K | G119: -0.028
A120: 44726 | B120: 7.18 | C120: 8.688 | D120: 8.885 | E120: 7.01 | F120: 137.51K | G120: -0.167
A121: 44727 | B121: 7.406 | C121: 7.259 | D121: 7.681 | E121: 7.205 | F121: 53.88K | G121: 0.0315
... A123: 44729 | B123: 6.906 | C123: 7.422 | D123: 7.566 | E123: 6.852 | F123: 56.89K | G123: -0.0715
A124: 44731 | B124: 6.702 | C124: 6.752 | D124: 6.758 | E124: 6.659 | G124: -0.0295
A125: 44732 | B125: 6.713 | C125: 6.706 | D125: 6.84 | E125: 6.635 | G125: 0.0016
A126: 44733 | B126: 6.783 | C126: 6.79 | D126: 6.948 | E126: 6.531 | F126: 67.30K | G126: 0.0104
A127: 44734 | B127: 6.872 | C127: 6.816 | D127: 6.95 | E127: 6.554 | F127: 54.83K | G127: 0.0131
A128: 44735 | B128: 6.283 | C128: 6.829 | D128: 6.854 | E128: 6.237 | F128: 112.23K | G128: -0.0857
A129: 44736 | B129: 6.281 | C129: 6.26 | D129: 6.407 | E129: 6.062 | F129: 84.61K | G129: -0.0003
A130: 44739 | B130: 6.546 | C130: 6.188 | D130: 6.597 | E130: 6.065 | F130: 101.37K | G130: 0.0422
A131: 44740 | B131: 6.57 | C131: 6.468 | D131: 6.738 | E131: 6.417 | F131: 90.79K | G131: 0.0037
A132: 44741 | B132: 6.493 | C132: 6.609 | D132: 6.812 | E132: 6.401 | F132: 34.69K | G132: -0.0117
A133: 44742 | B133: 5.392 | C133: 6.425 | D133: 6.575 | E133: 5.327 | F133: 74.70K | G133: -0.1696
A134: 44743 | B134: 5.712 | C134: 5.599 | D134: 5.909 | E134: 5.557 | F134: 49.27K | G134: 0.0593
A135: 44745 | B135: 5.709 | C135: 5.701 | D135: 5.734 | E135: 5.678 | G135: -0.0005
A136: 44746 | B136: 5.853 | C136: 5.712 | D136: 5.905 | E136: 5.606 | G136: 0.0252
A137: 44747 | B137: 5.487 | C137: 5.679 | D137: 5.883 | E137: 5.324 | F137: 44.02K | G137: -0.0625
A138: 44748 | B138: 5.482 | C138: 5.43 | D138: 5.699 | E138: 5.349 | F138: 28.36K | G138: -0.0009
A139: 44749 | B139: 6.262 | C139: 5.508 | D139: 6.338 | E139: 5.464 | F139: 47.17K | G139: 0.1423
A140: 44750 | B140: 5.967 | C140: 6.18 | D140: 6.263 | E140: 5.948 | F140: 61.70K | G140: -0.0471
A141: 44753 | B141: 6.319 | C141: 6.314 | D141: 6.59 | E141: 6.16 | F141: 70.94K | G141: 0.059
A142: 44754 | B142: 6.021 | C142: 6.395 | D142: 6.647 | E142: 5.895 | F142: 73.23K | G142: -0.0472
A143: 44755 | B143: 6.589 | C143: 6.125 | D143: 6.683 | E143: 6.058 | F143: 67.36K | G143: 0.0943
A144: 44756 | B144: 6.511 | C144: 6.544 | D144: 6.806 | E144: 6.461 | F144: 69.08K | G144: -0.0118
A145: 44757 | B145: 6.926 | C145: 6.584 | D145: 7.047 | E145: 6.351 | F145: 49.32K | G145: 0.0637
A146: 44760 | B146: 7.382 | C146: 7.021 | D146: 7.46 | E146: 6.987 | F146: 52.89K | G146: 0.0658
A147: 44761 | B147: 7.15 | C147: 7.329 | D147: 7.453 | E147: 7.017 | F147: 58.01K | G147: -0.0314
A148: 44762 | B148: 7.899 | C148: 7.2 | D148: 7.925 | E148: 7.057 | F148: 75.27K | G148: 0.1048
... A180: 44806 | B180: 8.85 | C180: 9.259 | D180: 9.31 | E180: 8.692 | F180: 35.02K | G180: -0.0514
A181: 44808 | B181: 8.979 | C181: 9.086 | D181: 9.096 | E181: 8.946 | G181: 0.0146
A182: 44809 | B182: 8.714 | C182: 8.98 | D182: 8.995 | E182: 8.71 | G182: -0.0295
A183: 44810 | B183: 8.212 | C183: 9.058 | D183: 9.176 | E183: 7.9 | F183: 59.72K | G183: -0.0576
A184: 44811 | B184: 7.901 | C184: 8.118 | D184: 8.355 | E184: 7.828 | F184: 47.90K | G184: -0.0379
A185: 44812 | B185: 7.971 | C185: 7.9 | D185: 8.12 | E185: 7.834 | F185: 61.12K | G185: 0.0089
A186: 44813 | B186: 8.044 | C186: 8.018 | D186: 8.255 | E186: 7.946 | F186: 50.67K | G186: 0.0092
A187: 44816 | B187: 8.287 | C187: 8.121 | D187: 8.447 | E187: 7.911 | F187: 61.49K | G187: 0.0302
A188: 44817 | B188: 8.334 | C188: 8.434 | D188: 8.501 | E188: 8.211 | F188: 52.48K | G188: 0.0057
A189: 44818 | B189: 9.167 | C189: 8.414 | D189: 9.292 | E189: 8.376 | F189: 73.71K | G189: 0.1
A190: 44819 | B190: 8.372 | C190: 9.134 | D190: 9.159 | E190: 8.26 | F190: 63.98K | G190: -0.0867
A191: 44820 | B191: 7.811 | C191: 8.349 | D191: 8.367 | E191: 7.766 | F191: 54.36K | G191: -0.067
A192: 44823 | B192: 7.804 | C192: 7.751 | D192: 7.961 | E192: 7.455 | F192: 46.34K | G192: -0.0009
A193: 44824 | B193: 7.772 | C193: 7.929 | D193: 8.037 | E193: 7.703 | F193: 42.91K | G193: -0.0041
A194: 44825 | B194: 7.827 | C194: 7.792 | D194: 8.179 | E194: 7.609 | F194: 60.25K | G194: 0.0071
... A239: 44888 | B239: 7.708 | C239: 7.525 | D239: 8.177 | E239: 7.505 | F239: 154.60K | G239: 0.0408
A240: 44889 | B240: 7.177 | C240: 7.307 | D240: 7.404 | E240: 7.1 | G240: -0.0689
A241: 44890 | B241: 7.33 | C241: 7.727 | D241: 7.804 | E241: 7.201 | F241: 97.87K | G241: 0.0213
A242: 44893 | B242: 7.196 | C242: 7.301 | D242: 7.386 | E242: 6.929 | F242: 105.91K | G242: -0.0183
...

Sheet 港存及港价
A1: 日期 | B1: 港口库存（万吨） | C1: 镇江港颗粒硫磺价格（元/吨）
A2: 45293 | B2: 266 | C2: 930
A3: 45294 | B3: 263 | C3: 930
A4: 45295 | B4: 262 | C4: 920
A5: 45296 | B5: 262 | C5: 910
A6: 45299 | B6: 260 | C6: 900
A7: 45300 | B7: 265 | C7: 880
A8: 45301 | B8: 268 | C8: 860
A9: 45302 | B9: 266 | C9: 850
A10: 45303 | B10: 264 | C10: 845
A11: 45306 | B11: 263 | C11: 840
A12: 45307 | B12: 262 | C12: 830
A13: 45308 | B13: 265 | C13: 820
... A423: 45910 | B423: 241 | C423: 2620
