Workbook

Sheet 打印-表格（近5年）
A1: 二铵、硫磺、磷矿、北方煤价格走势（17年-22年）
A2: 二铵、硫磺、磷矿石、北方煤18-22年历史价格 （1）二铵均价2873、最高价5705（22年7月）、最低价1987（20年2月、3月）； （2）硫磺均价1378、最高价4064（22年5月）、最低价554（19年11月）； （3）27%磷矿均价469、最高价958（22年7月、8月）、最低价328（20年9月、10月）； （4）兰花煤均价1045、最高价2309（21年10月）、最低价693（20年8月、9月）。 二铵与硫磺、磷矿、北方煤18-22年历史价格比值 （1）二铵与硫磺价格平均比值2.39，最高比值4.74（22年8月）、最低比值1.23（22年4月）； （2）二铵与磷矿价格平均比值6.14，最高比值8.07（21年4月）、最低比值5.37（20年2月、3月）； （3）二铵与北方煤价格平均比值2.78，最高比值3.83（22年7月）、最低比值1.62（21年10月）。
A3: 产品/原料 | B3: 平均 | C3: 18年1月 | D3: 18年2月 | E3: 18年3月 | F3: 18年4月 | G3: 18年5月 | H3: 18年6月 | I3: 18年7月 | J3: 18年8月 | K3: 18年9月 | L3: 18年10月 | M3: 18年11月 | N3: 18年12月 | O3: 19年1月 | P3: 19年2月 | Q3: 19年3月 | R3: 19年4月 | S3: 19年5月 | T3: 19年6月 | U3: 19年7月 | V3: 19年8月 | W3: 19年9月 | X3: 19年10月 | Y3: 19年11月 | Z3: 19年12月 | AA3: 20年1月 | AB3: 20年2月 | AC3: 20年3月 | AD3: 20年4月 | AE3: 20年5月 | AF3: 20年6月 | AG3: 20年7月 | AH3: 20年8月 | AI3: 20年9月 | AJ3: 20年10月 | AK3: 20年11月 | AL3: 20年12月 | AM3: 21年1月 | AN3: 21年2月 | AO3: 21年3月 | AP3: 21年4月 | AQ3: 21年5月 | AR3: 21年6月 | AS3: 21年7月 | AT3: 21年8月 | AU3: 21年9月 | AV3: 21年10月 | AW3: 21年11月 | AX3: 21年12月 | AY3: 22年1月 | AZ3: 22年2月 | BA3: 22年3月 | BB3: 22年4月 | BC3: 22年5月 | BD3: 22年6月 | BE3: 22年7月 | BF3: 22年8月
B4: =AVERAGE(C4:BF4) -> 2873.4419 | C4: ='走势图 (近5年3张)'!AX2 -> 2501.2773 | D4: ='走势图 (近5年3张)'!AY2 -> 2526.6649 | E4: ='走势图 (近5年3张)'!AZ2 -> 2597.1353 | F4: ='走势图 (近5年3张)'!BA2 -> 2548.6285 | G4: ='走势图 (近5年3张)'!BB2 -> 2565.6194 | H4: ='走势图 (近5年3张)'!BC2 -> 2575.9278 | I4: ='走势图 (近5年3张)'!BD2 -> 2678.8684 | J4: ='走势图 (近5年3张)'!BE2 -> 2733.1973 | ... BF4: ='走势图 (近5年3张)'!DA2 -> 5154
B5: =AVERAGE(C5:BF5) -> 1377.6249 | C5: ='走势图 (近5年3张)'!AX4 -> 1214 | D5: ='走势图 (近5年3张)'!AY4 -> 1229 | E5: ='走势图 (近5年3张)'!AZ4 -> 1147 | F5: ='走势图 (近5年3张)'!BA4 -> 1089 | G5: ='走势图 (近5年3张)'!BB4 -> 1157 | H5: ='走势图 (近5年3张)'!BC4 -> 1178 | I5: ='走势图 (近5年3张)'!BD4 -> 1223 | J5: ='走势图 (近5年3张)'!BE4 -> 1358 | ... BF5: ='走势图 (近5年3张)'!DA4 -> 1086.5217
B6: =AVERAGE(C6:BF6) -> 2.3873798 | C6: =C4/C5 -> 2.0603602 | D6: =D4/D5 -> 2.0558705 | E6: =E4/E5 -> 2.2642854 | F6: =F4/F5 -> 2.3403383 | G6: =G4/G5 -> 2.2174757 | H6: =H4/H5 -> 2.1866959 | I6: =I4/I5 -> 2.1904075 | J6: =J4/J5 -> 2.0126637 | ... BF6: =BF4/BF5 -> 4.7435774
A9: 二铵 | B9: =AVERAGE(C9:BF9) -> 2873.4419 | C9: ='走势图 (近5年3张)'!AX8 -> 2501.2773 | D9: ='走势图 (近5年3张)'!AY8 -> 2526.6649 | E9: ='走势图 (近5年3张)'!AZ8 -> 2597.1353 | F9: ='走势图 (近5年3张)'!BA8 -> 2548.6285 | G9: ='走势图 (近5年3张)'!BB8 -> 2565.6194 | H9: ='走势图 (近5年3张)'!BC8 -> 2575.9278 | I9: ='走势图 (近5年3张)'!BD8 -> 2678.8684 | J9: ='走势图 (近5年3张)'!BE8 -> 2733.1973 | ... BF9: ='走势图 (近5年3张)'!DA8 -> 5154
B10: =AVERAGE(C10:BF10) -> 468.87857 | C10: ='走势图 (近5年3张)'!AX9 -> 430 | D10: ='走势图 (近5年3张)'!AY9 -> 430 | E10: ='走势图 (近5年3张)'!AZ9 -> 430 | F10: ='走势图 (近5年3张)'!BA9 -> 430 | G10: ='走势图 (近5年3张)'!BB9 -> 430 | H10: ='走势图 (近5年3张)'!BC9 -> 430 | I10: ='走势图 (近5年3张)'!BD9 -> 430 | J10: ='走势图 (近5年3张)'!BE9 -> 430 | ... BF10: ='走势图 (近5年3张)'!DA9 -> 958
B11: =AVERAGE(C11:BF11) -> 6.1395428 | C11: =C9/C10 -> 5.816924 | D11: =D9/D10 -> 5.8759648 | E11: =E9/E10 -> 6.0398496 | F11: =F9/F10 -> 5.9270429 | G11: =G9/G10 -> 5.9665568 | H11: =H9/H10 -> 5.9905297 | I11: =I9/I10 -> 6.2299266 | J11: =J9/J10 -> 6.3562728 | ... BF11: =BF9/BF10 -> 5.3799582
B13: =AVERAGE(C13:BF13) -> 2873.4419 | C13: ='走势图 (近5年3张)'!AX13 -> 2501.2773 | D13: ='走势图 (近5年3张)'!AY13 -> 2526.6649 | E13: ='走势图 (近5年3张)'!AZ13 -> 2597.1353 | F13: ='走势图 (近5年3张)'!BA13 -> 2548.6285 | G13: ='走势图 (近5年3张)'!BB13 -> 2565.6194 | H13: ='走势图 (近5年3张)'!BC13 -> 2575.9278 | I13: ='走势图 (近5年3张)'!BD13 -> 2678.8684 | J13: ='走势图 (近5年3张)'!BE13 -> 2733.1973 | ... BF13: ='走势图 (近5年3张)'!DA13 -> 5154
A15: 北方煤（兰花） | B15: =AVERAGE(C15:BF15) -> 1045.4749 | C15: ='走势图 (近5年3张)'!AX14 -> 964 | D15: ='走势图 (近5年3张)'!AY14 -> 984 | E15: ='走势图 (近5年3张)'!AZ14 -> 984 | F15: ='走势图 (近5年3张)'!BA14 -> 964 | G15: ='走势图 (近5年3张)'!BB14 -> 914 | H15: ='走势图 (近5年3张)'!BC14 -> 911 | I15: ='走势图 (近5年3张)'!BD14 -> 911 | J15: ='走势图 (近5年3张)'!BE14 -> 901 | ... BF15: ='走势图 (近5年3张)'!DA14 -> 1443
B16: =AVERAGE(C16:BF16) -> 2.7780618 | C16: =C13/C15 -> 2.594686 | D16: =D13/D15 -> 2.5677489 | E16: =E13/E15 -> 2.6393652 | F16: =F13/F15 -> 2.6438055 | G16: =G13/G15 -> 2.8070235 | H16: =H13/H15 -> 2.8275826 | I16: =I13/I15 -> 2.9405801 | J16: =J13/J15 -> 3.0335153 | ... BF16: =BF13/BF15 -> 3.5717256

Sheet 打印-表格（分月分季度)
A1: 二铵、硫磺、磷矿价格走势（17年-21年）
A2: 品种 | B2: 年份 | C2: 分季度 | G2: 分月
C3: 一季度 | D3: 二季度 | E3: 三季度 | F3: 四季度 | G3: 1月 | H3: 2月 | I3: 3月 | J3: 4月 | K3: 5月 | L3: 6月 | M3: 7月 | N3: 8月 | O3: 9月 | P3: 10月 | Q3: 11月 | R3: 12月
A4: 二铵 | B4: 17年 | C4: =AVERAGE(G4:I4) -> 2262.9383 | D4: =AVERAGE(J4:L4) -> 2344.0732 | E4: =AVERAGE(M4:O4) -> 2230.252 | F4: =AVERAGE(P4:R4) -> 2345.0839 | G4: 2134.8937 | H4: 2300.4024 | I4: 2353.5189 | J4: 2376.9914 | K4: 2370.111 | L4: 2285.1173 | M4: 2235.389 | N4: 2225.4675 | O4: 2229.8995 | P4: 2235.7325 | Q4: 2329.2131 | R4: 2470.3062
B5: 18年 | C5: =AVERAGE(G5:I5) -> 2541.6925 | D5: =AVERAGE(J5:L5) -> 2563.3919 | E5: =AVERAGE(M5:O5) -> 2719.1092 | F5: =AVERAGE(P5:R5) -> 2714.2114 | G5: 2501.2773 | H5: 2526.6649 | I5: 2597.1353 | J5: 2548.6285 | K5: 2565.6194 | L5: 2575.9278 | M5: 2678.8684 | N5: 2733.1973 | O5: 2745.262 | P5: 2742.6343 | Q5: 2700 | R5: 2700
B6: 19年 | C6: =AVERAGE(G6:I6) -> 2586.4639 | D6: =AVERAGE(J6:L6) -> 2449.4886 | E6: =AVERAGE(M6:O6) -> 2205.1619 | F6: =AVERAGE(P6:R6) -> 2101.4259 | G6: 2614 | H6: 2625 | I6: 2520.3918 | J6: 2512.1307 | K6: 2429.0092 | L6: 2407.3258 | M6: 2214.2749 | N6: 2214.1737 | O6: 2187.0372 | P6: 2139.2073 | Q6: 2103.8387 | R6: 2061.2315
B7: 20年 | C7: =AVERAGE(G7:I7) -> 2019.9458 | D7: =AVERAGE(J7:L7) -> 2068.113 | E7: =AVERAGE(M7:O7) -> 2119.1809 | F7: =AVERAGE(P7:R7) -> 2274.3369 | G7: 2085.8565 | H7: 1986.9905 | I7: 1986.9905 | J7: 2071.5497 | K7: 2060.8699 | L7: 2071.9194 | M7: 2098.8153 | N7: 2082.682 | O7: 2176.0454 | P7: 2238.3727 | Q7: 2273.7149 | R7: 2310.9231
B8: 21年 | C8: =AVERAGE(G8:I8) -> 2521.2251 | D8: =AVERAGE(J8:L8) -> 3260.5616 | E8: =AVERAGE(M8:O8) -> 3553.8654 | F8: =AVERAGE(P8:R8) -> 3604.9636 | G8: 2365.1228 | H8: 2471.1848 | I8: 2727.3676 | J8: 3293.7439 | K8: 3225.7658 | L8: 3262.175 | M8: 3373.0201 | N8: 3508.2873 | O8: 3780.2887 | P8: 3742.6374 | Q8: 3536.1539 | R8: 3536.0994
B9: 22年 | C9: =AVERAGE(G9:I9) -> 3824.4451 | D9: =AVERAGE(J9:L9) -> 4890.3333 | E9: =AVERAGE(M9:O9) -> 5077.3333 | F9: 3900 | G9: 3635.9425 | H9: 3566.1321 | I9: 4271.2606 | J9: 4362 | K9: 5029 | L9: 5280 | M9: 5705 | N9: 5154 | O9: 4373 | P9: 3900 | Q9: 3900 | R9: 3900
B10: 平均 | C10: =AVERAGE(C4:C8) -> 2386.4531 | D10: =AVERAGE(D4:D8) -> 2537.1256 | E10: =AVERAGE(E4:E8) -> 2565.5139 | F10: =AVERAGE(F4:F8) -> 2608.0043 | G10: =AVERAGE(G4:G8) -> 2340.2301 | H10: =AVERAGE(H4:H8) -> 2382.0485 | I10: =AVERAGE(I4:I8) -> 2437.0808 | J10: =AVERAGE(J4:J8) -> 2560.6088 | ... R10: =AVERAGE(R4:R8) -> 2615.712
A11: 硫磺 | B11: 17年 | C11: =AVERAGE(G11:I11) -> 925.66667 | D11: =AVERAGE(J11:L11) -> 847.66667 | E11: =AVERAGE(M11:O11) -> 1006.6667 | F11: =AVERAGE(P11:R11) -> 1459.6667 | G11: 917 | H11: 937 | I11: 923 | J11: 833 | K11: 843 | L11: 867 | M11: 932 | N11: 1013 | O11: 1075 | P11: 1416 | Q11: 1632 | R11: 1331
B12: 18年 | C12: =AVERAGE(G12:I12) -> 1196.6667 | D12: =AVERAGE(J12:L12) -> 1141.3333 | E12: =AVERAGE(M12:O12) -> 1366 | F12: =AVERAGE(P12:R12) -> 1392.5 | G12: 1214 | H12: 1229 | I12: 1147 | J12: 1089 | K12: 1157 | L12: 1178 | M12: 1223 | N12: 1358 | O12: 1517 | P12: 1489 | Q12: 1428 | R12: 1260.5
B13: 19年 | C13: =AVERAGE(G13:I13) -> 1105.1567 | D13: =AVERAGE(J13:L13) -> 1008.0905 | E13: =AVERAGE(M13:O13) -> 775.31989 | F13: =AVERAGE(P13:R13) -> 585.01025 | G13: 1163.57 | H13: 1116 | I13: 1035.9 | J13: 1027.73 | K13: 1002.8571 | L13: 993.68421 | M13: 871.08696 | N13: 782.27273 | O13: 672.6 | P13: 632.36842 | Q13: 553.57143 | R13: 569.09091
B14: 20年 | C14: =AVERAGE(G14:I14) -> 655.52083 | D14: =AVERAGE(J14:L14) -> 663.55073 | E14: =AVERAGE(M14:O14) -> 691.64941 | F14: =AVERAGE(P14:R14) -> 854.33877 | G14: 626.5625 | H14: 641.13636 | I14: 698.86364 | J14: 628.40909 | K14: 671.05263 | L14: 691.19048 | M14: 660.86957 | N14: 681.90476 | O14: 732.17391 | P14: 776.17647 | Q14: 836.36364 | R14: 950.47619
B15: 21年 | C15: =AVERAGE(G15:I15) -> 1323.5168 | D15: =AVERAGE(J15:L15) -> 1554.1103 | E15: =AVERAGE(M15:O15) -> 1785.6061 | F15: =AVERAGE(P15:R15) -> 2113.9735 | G15: 1122.75 | H15: 1468.2353 | I15: 1379.5652 | J15: 1450 | K15: 1584.4737 | L15: 1627.8571 | M15: 1614.3182 | N15: 1804.0909 | O15: 1938.4091 | P15: 1967.0588 | Q15: 2031.8182 | R15: 2343.0435
B16: 22年 | C16: =AVERAGE(G16:I16) -> 2785.5278 | D16: =AVERAGE(J16:L16) -> 3724.1905 | E16: =AVERAGE(M16:O16) -> 1370.2692 | F16: 1200 | G16: 2491.25 | H16: 2599.3333 | I16: 3266 | J16: 3540.4762 | K16: 4064 | L16: 3568.0952 | M16: 1894.2857 | N16: 1086.5217 | O16: 1130 | P16: 1200 | Q16: 1200 | R16: 1200
B17: 平均 | C17: =AVERAGE(C11:C15) -> 1041.3055 | D17: =AVERAGE(D11:D15) -> 1042.9503 | E17: =AVERAGE(E11:E15) -> 1125.0484 | F17: =AVERAGE(F11:F15) -> 1281.0978 | G17: =AVERAGE(G11:G15) -> 1008.7765 | H17: =AVERAGE(H11:H15) -> 1078.2743 | I17: =AVERAGE(I11:I15) -> 1036.8658 | J17: =AVERAGE(J11:J15) -> 1005.6278 | ... R17: =AVERAGE(R11:R15) -> 1290.8221
A18: 磷矿 | B18: 17年 | C18: =AVERAGE(G18:I18) -> 350 | D18: =AVERAGE(J18:L18) -> 355 | E18: =AVERAGE(M18:O18) -> 355 | F18: =AVERAGE(P18:R18) -> 380 | G18: 340 | H18: 355 | I18: 355 | J18: 355 | K18: 355 | L18: 355 | M18: 355 | N18: 355 | O18: 355 | P18: 355 | Q18: 355 | R18: 430
B19: 18年 | C19: =AVERAGE(G19:I19) -> 430 | D19: =AVERAGE(J19:L19) -> 430 | E19: =AVERAGE(M19:O19) -> 430 | F19: =AVERAGE(P19:R19) -> 460 | G19: 430 | H19: 430 | I19: 430 | J19: 430 | K19: 430 | L19: 430 | M19: 430 | N19: 430 | O19: 430 | P19: 430 | Q19: 450 | R19: 500
B20: 19年 | C20: =AVERAGE(G20:I20) -> 453.33333 | D20: =AVERAGE(J20:L20) -> 420 | E20: =AVERAGE(M20:O20) -> 393.33333 | F20: =AVERAGE(P20:R20) -> 373.33333 | G20: 470 | H20: 470 | I20: 420 | J20: 420 | K20: 420 | L20: 420 | M20: 400 | N20: 400 | O20: 380 | P20: 380 | Q20: 370 | R20: 370
B21: 20年 | C21: =AVERAGE(G21:I21) -> 370 | D21: =AVERAGE(J21:L21) -> 338 | E21: =AVERAGE(M21:O21) -> 334.66667 | F21: =AVERAGE(P21:R21) -> 348 | G21: 370 | H21: 370 | I21: 370 | J21: 338 | K21: 338 | L21: 338 | M21: 338 | N21: 338 | O21: 328 | P21: 328 | Q21: 358 | R21: 358
B22: 21年 | C22: =AVERAGE(G22:I22) -> 358 | D22: =AVERAGE(J22:L22) -> 451.33333 | E22: =AVERAGE(M22:O22) -> 558 | F22: =AVERAGE(P22:R22) -> 608 | G22: 358 | H22: 358 | I22: 358 | J22: 408 | K22: 458 | L22: 488 | M22: 508 | N22: 558 | O22: 608 | P22: 608 | Q22: 608 | R22: 608
B23: 22年 | C23: =AVERAGE(G23:I23) -> 608 | D23: =AVERAGE(J23:L23) -> 749.73333 | E23: =AVERAGE(M23:O23) -> 958 | F23: 800 | G23: 608 | H23: 608 | I23: 608 | J23: 645.6 | K23: 745.6 | L23: 858 | M23: 958 | N23: 958 | O23: 958 | P23: 800 | Q23: 800 | R23: 800
B24: 平均 | C24: =AVERAGE(C18:C22) -> 392.26667 | D24: =AVERAGE(D18:D22) -> 398.86667 | E24: =AVERAGE(E18:E22) -> 414.2 | F24: =AVERAGE(F18:F22) -> 433.86667 | G24: =AVERAGE(G18:G22) -> 393.6 | H24: =AVERAGE(H18:H22) -> 396.6 | I24: =AVERAGE(I18:I22) -> 386.6 | J24: =AVERAGE(J18:J22) -> 390.2 | ... R24: =AVERAGE(R18:R22) -> 453.2

Sheet 打印-走势图（4张18-22）
A1: 二铵、硫磺、磷矿、北方煤价格走势（18年-22年）
A2: 品种 | B2: 年份 | C2: 1月 | D2: 2月 | E2: 3月 | F2: 4月 | G2: 5月 | H2: 6月 | I2: 7月 | J2: 8月 | K2: 9月 | L2: 10月 | M2: 11月 | N2: 12月
A3: 二铵 | B3: 18年 | C3: 2501.2773 | D3: 2526.6649 | E3: 2597.1353 | F3: 2548.6285 | G3: 2565.6194 | H3: 2575.9278 | I3: 2678.8684 | J3: 2733.1973 | K3: 2745.262 | L3: 2742.6343 | M3: 2700 | N3: 2700
B4: 19年 | C4: 2614 | D4: 2625 | E4: 2520.3918 | F4: 2512.1307 | G4: 2429.0092 | H4: 2407.3258 | I4: 2214.2749 | J4: 2214.1737 | K4: 2187.0372 | L4: 2139.2073 | M4: 2103.8387 | N4: 2061.2315
B5: 20年 | C5: 2085.8565 | D5: 1986.9905 | E5: 1986.9905 | F5: 2071.5497 | G5: 2060.8699 | H5: 2071.9194 | I5: 2098.8153 | J5: 2082.682 | K5: 2176.0454 | L5: 2238.3727 | M5: 2273.7149 | N5: 2310.9231
B6: 21年 | C6: 2365.1228 | D6: 2471.1848 | E6: 2727.3676 | F6: 3293.7439 | G6: 3225.7658 | H6: 3262.175 | I6: 3373.0201 | J6: 3508.2873 | K6: 3780.2887 | L6: 3742.6374 | M6: 3536.1539 | N6: 3536.0994
B7: 22年 | C7: 3635.9425 | D7: 3566.1321 | E7: 4271.2606 | F7: 4362 | G7: 5029 | H7: 5280 | I7: 5705 | J7: 5154
A8: 硫磺 | B8: 18年 | C8: 1214 | D8: 1229 | E8: 1147 | F8: 1089 | G8: 1157 | H8: 1178 | I8: 1223 | J8: 1358 | K8: 1517 | L8: 1489 | M8: 1428 | N8: 1260.5
B9: 19年 | C9: 1163.57 | D9: 1116 | E9: 1035.9 | F9: 1027.73 | G9: 1002.8571 | H9: 993.68421 | I9: 871.08696 | J9: 782.27273 | K9: 672.6 | L9: 632.36842 | M9: 553.57143 | N9: 569.09091
B10: 20年 | C10: 626.5625 | D10: 641.13636 | E10: 698.86364 | F10: 628.40909 | G10: 671.05263 | H10: 691.19048 | I10: 660.86957 | J10: 681.90476 | K10: 732.17391 | L10: 776.17647 | M10: 836.36364 | N10: 950.47619
B11: 21年 | C11: 1122.75 | D11: 1468.2353 | E11: 1379.5652 | F11: 1450 | G11: 1584.4737 | H11: 1627.8571 | I11: 1614.3182 | J11: 1804.0909 | K11: 1938.4091 | L11: 1967.0588 | M11: 2031.8182 | N11: 2343.0435
B12: 22年 | C12: 2491.25 | D12: 2599.3333 | E12: 3266 | F12: 3540.4762 | G12: 4064 | H12: 3568.0952 | I12: 1894.2857 | J12: 1086.5217
A13: 磷矿 | B13: 18年 | C13: 430 | D13: 430 | E13: 430 | F13: 430 | G13: 430 | H13: 430 | I13: 430 | J13: 430 | K13: 430 | L13: 430 | M13: 450 | N13: 500
B14: 19年 | C14: 470 | D14: 470 | E14: 420 | F14: 420 | G14: 420 | H14: 420 | I14: 400 | J14: 400 | K14: 380 | L14: 380 | M14: 370 | N14: 370
B15: 20年 | C15: 370 | D15: 370 | E15: 370 | F15: 338 | G15: 338 | H15: 338 | I15: 338 | J15: 338 | K15: 328 | L15: 328 | M15: 358 | N15: 358
B16: 21年 | C16: 358 | D16: 358 | E16: 358 | F16: 408 | G16: 458 | H16: 488 | I16: 508 | J16: 558 | K16: 608 | L16: 608 | M16: 608 | N16: 608
B17: 22年 | C17: 608 | D17: 608 | E17: 608 | F17: 645.6 | G17: 745.6 | H17: 858 | I17: 958 | J17: 958
A18: 北方煤（兰花） | B18: 18年 | C18: 964 | D18: 984 | E18: 984 | F18: 964 | G18: 914 | H18: 911 | I18: 911 | J18: 901 | K18: 896 | L18: 974 | M18: 974 | N18: 967
B19: 19年 | C19: 917 | D19: 917 | E19: 903.67 | F19: 886 | G19: 876 | H19: 866 | I19: 839 | J19: 802.53 | K19: 802.53 | L19: 802.53 | M19: 752.53 | N19: 752.5
B20: 20年 | C20: 752.33 | D20: 772.33 | E20: 772.33 | F20: 732.33 | G20: 702.33 | H20: 755.67 | I20: 755.67 | J20: 692.66667 | K20: 692.66667 | L20: 769.33333 | M20: 823 | N20: 902.66667
B21: 21年 | C21: 1003 | D21: 1003 | E21: 859 | F21: 956 | G21: 1125 | H21: 1125 | I21: 1203 | J21: 1388 | K21: 1588 | L21: 2309 | M21: 1489 | N21: 1416
B22: 22年 | C22: 1564.7616 | D22: 1707.3545 | E22: 1531.4466 | F22: 1631.9322 | G22: 1574.0976 | H22: 1554.3867 | I22: 1491 | J22: 1443

Sheet 打印-走势图（4张17-21)
A1: 二铵、硫磺、磷矿、北方煤价格走势（18年-22年）
A2: 品种 | B2: 年份 | C2: 1月 | D2: 2月 | E2: 3月 | F2: 4月 | G2: 5月 | H2: 6月 | I2: 7月 | J2: 8月 | K2: 9月 | L2: 10月 | M2: 11月 | N2: 12月
A3: 二铵 | B3: 17年 | C3: 2134.8937 | D3: 2300.4024 | E3: 2353.5189 | F3: 2376.9914 | G3: 2370.111 | H3: 2285.1173 | I3: 2235.389 | J3: 2225.4675 | K3: 2229.8995 | L3: 2235.7325 | M3: 2329.2131 | N3: 2470.3062
B4: 18年 | C4: 2501.2773 | D4: 2526.6649 | E4: 2597.1353 | F4: 2548.6285 | G4: 2565.6194 | H4: 2575.9278 | I4: 2678.8684 | J4: 2733.1973 | K4: 2745.262 | L4: 2742.6343 | M4: 2700 | N4: 2700
B5: 19年 | C5: 2614 | D5: 2625 | E5: 2520.3918 | F5: 2512.1307 | G5: 2429.0092 | H5: 2407.3258 | I5: 2214.2749 | J5: 2214.1737 | K5: 2187.0372 | L5: 2139.2073 | M5: 2103.8387 | N5: 2061.2315
B6: 20年 | C6: 2085.8565 | D6: 1986.9905 | E6: 1986.9905 | F6: 2071.5497 | G6: 2060.8699 | H6: 2071.9194 | I6: 2098.8153 | J6: 2082.682 | K6: 2176.0454 | L6: 2238.3727 | M6: 2273.7149 | N6: 2310.9231
B7: 21年 | C7: 2365.1228 | D7: 2471.1848 | E7: 2727.3676 | F7: 3293.7439 | G7: 3225.7658 | H7: 3262.175 | I7: 3373.0201 | J7: 3508.2873 | K7: 3780.2887 | L7: 3742.6374 | M7: 3536.1539 | N7: 3536.0994
A8: 硫磺 | B8: 17年 | C8: 917 | D8: 937 | E8: 923 | F8: 833 | G8: 843 | H8: 867 | I8: 932 | J8: 1013 | K8: 1075 | L8: 1416 | M8: 1632 | N8: 1331
B9: 18年 | C9: 1214 | D9: 1229 | E9: 1147 | F9: 1089 | G9: 1157 | H9: 1178 | I9: 1223 | J9: 1358 | K9: 1517 | L9: 1489 | M9: 1428 | N9: 1260.5
B10: 19年 | C10: 1163.57 | D10: 1116 | E10: 1035.9 | F10: 1027.73 | G10: 1002.8571 | H10: 993.68421 | I10: 871.08696 | J10: 782.27273 | K10: 672.6 | L10: 632.36842 | M10: 553.57143 | N10: 569.09091
B11: 20年 | C11: 626.5625 | D11: 641.13636 | E11: 698.86364 | F11: 628.40909 | G11: 671.05263 | H11: 691.19048 | I11: 660.86957 | J11: 681.90476 | K11: 732.17391 | L11: 776.17647 | M11: 836.36364 | N11: 950.47619
B12: 21年 | C12: 1122.75 | D12: 1468.2353 | E12: 1379.5652 | F12: 1450 | G12: 1584.4737 | H12: 1627.8571 | I12: 1614.3182 | J12: 1804.0909 | K12: 1938.4091 | L12: 1967.0588 | M12: 2031.8182 | N12: 2343.0435
A13: 磷矿 | B13: 17年 | C13: 340 | D13: 355 | E13: 355 | F13: 355 | G13: 355 | H13: 355 | I13: 355 | J13: 355 | K13: 355 | L13: 355 | M13: 355 | N13: 430
B14: 18年 | C14: 430 | D14: 430 | E14: 430 | F14: 430 | G14: 430 | H14: 430 | I14: 430 | J14: 430 | K14: 430 | L14: 430 | M14: 450 | N14: 500
B15: 19年 | C15: 470 | D15: 470 | E15: 420 | F15: 420 | G15: 420 | H15: 420 | I15: 400 | J15: 400 | K15: 380 | L15: 380 | M15: 370 | N15: 370
B16: 20年 | C16: 370 | D16: 370 | E16: 370 | F16: 338 | G16: 338 | H16: 338 | I16: 338 | J16: 338 | K16: 328 | L16: 328 | M16: 358 | N16: 358
B17: 21年 | C17: 358 | D17: 358 | E17: 358 | F17: 408 | G17: 458 | H17: 488 | I17: 508 | J17: 558 | K17: 608 | L17: 608 | M17: 608 | N17: 608
A18: 北方煤（兰花）

Sheet 走势图 (近5年3张)
A1: 日期 | B1: 14年1月 | C1: 14年2月 | D1: 14年3月 | E1: 14年4月 | F1: 14年5月 | G1: 14年6月 | H1: 14年7月 | I1: 14年8月 | J1: 14年9月 | K1: 14年10月 | L1: 14年11月 | M1: 14年12月 | N1: 15年1月 | O1: 15年2月 | P1: 15年3月 | Q1: 15年4月 | R1: 15年5月 | S1: 15年6月 | T1: 15年7月 | U1: 15年8月 | V1: 15年9月 | W1: 15年10月 | X1: 15年11月 | Y1: 15年12月 | Z1: 16年1月 | AA1: 16年2月 | AB1: 16年3月 | AC1: 16年4月 | AD1: 16年5月 | AE1: 16年6月 | AF1: 16年7月 | AG1: 16年8月 | AH1: 16年9月 | AI1: 16年10月 | AJ1: 16年11月 | AK1: 16年12月 | AL1: 17年1月 | AM1: 17年2月 | AN1: 17年3月 | AO1: 17年4月 | AP1: 17年5月 | AQ1: 17年6月 | AR1: 17年7月 | AS1: 17年8月 | AT1: 17年9月 | AU1: 17年10月 | AV1: 17年11月 | AW1: 17年12月 | AX1: 18年1月 | AY1: 18年2月 | AZ1: 18年3月 | BA1: 18年4月 | BB1: 18年5月 | BC1: 18年6月 | BD1: 18年7月 | BE1: 18年8月 | BF1: 18年9月 | BG1: 18年10月 | BH1: 18年11月 | BI1: 18年12月 | BJ1: 19年1月 | BK1: 19年2月 | BL1: 19年3月 | BM1: 19年4月 | BN1: 19年5月 | BO1: 19年6月 | BP1: 19年7月 | BQ1: 19年8月 | BR1: 19年9月 | BS1: 19年10月 | BT1: 19年11月 | BU1: 19年12月 | BV1: 20年1月 | BW1: 20年2月 | BX1: 20年3月 | BY1: 20年4月 | BZ1: 20年5月 | CA1: 20年6月 | CB1: 20年7月 | CC1: 20年8月 | CD1: 20年9月 | CE1: 20年10月 | CF1: 20年11月 | CG1: 20年12月 | CH1: 21年1月 | CI1: 21年2月 | CJ1: 21年3月 | CK1: 21年4月 | CL1: 21年5月 | CM1: 21年6月 | CN1: 21年7月 | CO1: 21年8月 | CP1: 21年9月 | CQ1: 21年10月 | CR1: 21年11月 | CS1: 21年12月 | CT1: 22年1月 | CU1: 22年2月 | CV1: 22年3月 | CW1: 22年4月 | CX1: 22年5月 | CY1: 22年6月 | CZ1: 22年7月 | DA1: 22年8月 | DF1: 价格预测 | DL1: 下半年价格
A2: 二铵 | B2: 2214.8425 | C2: 2336.528 | D2: 2486.7356 | E2: 2463.6406 | F2: 2421.1606 | G2: 2389.9844 | H2: 2517.102 | I2: 2610.325 | J2: 2740.5815 | K2: 2534.1563 | L2: 2670.6606 | M2: 2577.8185 | N2: 2589.444 | O2: 2675.0397 | P2: 2661.9709 | Q2: 2677.4974 | R2: 2720.9215 | S2: 2716.1916 | T2: 2717.9307 | U2: 2742.6795 | V2: 2730.5512 | W2: 2667.0278 | X2: 2482.1079 | Y2: 2479.7249 | Z2: 2369.1368 | AA2: 2389.9206 | AB2: 2353.8078 | AC2: 2228.7594 | AD2: 2057.6541 | AE2: 2037.7391 | AF2: 2060.6494 | AG2: 2102.8897 | AH2: 2033.4587 | AI2: 1899.7562 | AJ2: 1955.911 | AK2: 1983.9083 | AL2: 2134.8937 | AM2: 2300.4024 | AN2: 2353.5189 | AO2: 2376.9914 | AP2: 2370.111 | AQ2: 2285.1173 | AR2: 2235.389 | AS2: 2225.4675 | AT2: 2229.8995 | AU2: 2235.7325 | AV2: 2329.2131 | AW2: 2470.3062 | AX2: 2501.2773 | AY2: 2526.6649 | AZ2: 2597.1353 | BA2: 2548.6285 | BB2: 2565.6194 | BC2: 2575.9278 | BD2: 2678.8684 | BE2: 2733.1973 | BF2: 2745.262 | BG2: 2742.6343 | BH2: 2700 | BI2: 2700 | BJ2: 2614 | BK2: 2625 | BL2: 2520.3918 | BM2: 2512.1307 | BN2: 2429.0092 | BO2: 2407.3258 | BP2: 2214.2749 | BQ2: 2214.1737 | BR2: 2187.0372 | BS2: 2139.2073 | BT2: 2103.8387 | BU2: 2061.2315 | BV2: 2085.8565 | BW2: 1986.9905 | BX2: 1986.9905 | BY2: 2071.5497 | BZ2: 2060.8699 | CA2: 2071.9194 | CB2: 2098.8153 | CC2: 2082.682 | CD2: 2176.0454 | CE2: 2238.3727 | CF2: 2273.7149 | CG2: 2310.9231 | CH2: 2365.1228 | CI2: 2471.1848 | CJ2: 2727.3676 | CK2: 3293.7439 | CL2: 3225.7658 | CM2: 3262.175 | CN2: 3373.0201 | CO2: 3508.2873 | CP2: 3780.2887 | CQ2: 3742.6374 | CR2: 3536.1539 | CS2: 3536.0994 | CT2: 3635.9425 | CU2: 3566.1321 | CV2: 4271.2606 | CW2: 4362 | CX2: 5029 | CY2: 5280 | CZ2: 5705 | DA2: 5154 | DL2: =(5900*22+4000*63)/85 -> 4491.7647 | DM2: =(5900*22+4000*63)/85 -> 4491.7647 | DN2: =(5900*22+4000*63)/85 -> 4491.7647 | DO2: =AVERAGE(B2:CZ2) -> 2627.2233 | DP2: =MAX(B2:CZ2) -> 5705 | DQ2: =MIN(B2:CZ2) -> 1899.7562
A3: 二铵
A4: 硫磺到厂 | B4: 1327 | C4: 1491 | D4: 1408 | E4: 1104 | F4: 1307 | G4: 1315 | H4: 1361 | I4: 1291 | J4: 1197 | K4: 1024 | L4: 1145 | M4: 1314 | N4: 1372 | O4: 1354 | P4: 1370 | Q4: 1171 | R4: 1168 | S4: 1250 | T4: 1268 | U4: 1201 | V4: 1063 | W4: 1048 | X4: 1140 | Y4: 1080 | Z4: 945 | AA4: 841 | AB4: 760 | AC4: 767 | AD4: 753 | AE4: 711 | AF4: 669 | AG4: 689 | AH4: 729 | AI4: 763 | AJ4: 870 | AK4: 897 | AL4: 887 | AM4: 907 | AN4: 893 | AO4: 803 | AP4: 813 | AQ4: 837 | AR4: 902 | AS4: 983 | AT4: 1045 | AU4: 1386 | AV4: 1602 | AW4: 1301 | AX4: =AX19+30 -> 1214 | AY4: =AY19+30 -> 1229 | AZ4: =AZ19+30 -> 1147 | BA4: =BA19+30 -> 1089 | BB4: =BB19+30 -> 1157 | BC4: =BC19+30 -> 1178 | BD4: =BD19+30 -> 1223 | BE4: =BE19+30 -> 1358 | ... DA4: =DA19+30 -> 1086.5217 | DO4: =AVERAGE(B4:CZ4) -> 1238.6648 | DP4: =MAX(B4:CZ4) -> 4064 | DQ4: =MIN(B4:CZ4) -> 553.57143
A5: 长江港硫磺现货价 | DL5: =DL2/DO7 -> 1925.7867 | DM5: =DM2/DP7 -> 1181.8932 | DN5: =DN2/DQ7 -> 3645.8015
A6: 长江港硫磺现货价
A7: 二铵/硫磺 | B7: =B2/B4 -> 1.6690599 | C7: =C2/C4 -> 1.5670879 | D7: =D2/D4 -> 1.7661475 | E7: =E2/E4 -> 2.2315586 | F7: =F2/F4 -> 1.8524565 | G7: =G2/G4 -> 1.8174786 | H7: =H2/H4 -> 1.8494504 | I7: =I2/I4 -> 2.0219403 | ... DA7: =DA2/DA4 -> 4.7435774 | DL7: =DL2/DL5 -> 2.3324311 | DM7: =DM2/DM5 -> 3.8004829 | DN7: =DN2/DN5 -> 1.2320377 | DO7: =AVERAGE(B7:CZ7) -> 2.3324311 | DP7: =MAX(B7:CZ7) -> 3.8004829 | DQ7: =MIN(B7:CZ7) -> 1.2320377
A8: 二铵 | B8: 2214.8425 | C8: 2336.528 | D8: 2486.7356 | E8: 2463.6406 | F8: 2421.1606 | G8: 2389.9844 | H8: 2517.102 | I8: 2610.325 | J8: 2740.5815 | K8: 2534.1563 | L8: 2670.6606 | M8: 2577.8185 | N8: 2589.444 | O8: 2675.0397 | P8: 2661.9709 | Q8: 2677.4974 | R8: 2720.9215 | S8: 2716.1916 | T8: 2717.9307 | U8: 2742.6795 | V8: 2730.5512 | W8: 2667.0278 | X8: 2482.1079 | Y8: 2479.7249 | Z8: 2369.1368 | AA8: 2389.9206 | AB8: 2353.8078 | AC8: 2228.7594 | AD8: 2057.6541 | AE8: 2037.7391 | AF8: 2060.6494 | AG8: 2102.8897 | AH8: 2033.4587 | AI8: 1899.7562 | AJ8: 1955.911 | AK8: 1983.9083 | AL8: 2134.8937 | AM8: 2300.4024 | AN8: 2353.5189 | AO8: 2376.9914 | AP8: 2370.111 | AQ8: 2285.1173 | AR8: 2235.389 | AS8: 2225.4675 | AT8: 2229.8995 | AU8: 2235.7325 | AV8: 2329.2131 | AW8: 2470.3062 | AX8: 2501.2773 | AY8: 2526.6649 | AZ8: 2597.1353 | BA8: 2548.6285 | BB8: 2565.6194 | BC8: 2575.9278 | BD8: 2678.8684 | BE8: 2733.1973 | BF8: 2745.262 | BG8: 2742.6343 | BH8: 2700 | BI8: 2700 | BJ8: 2614 | BK8: 2625 | BL8: 2520.3918 | BM8: 2512.1307 | BN8: 2429.0092 | BO8: 2407.3258 | BP8: 2214.2749 | BQ8: 2214.1737 | BR8: 2187.0372 | BS8: 2139.2073 | BT8: 2103.8387 | BU8: 2061.2315 | BV8: 2085.8565 | BW8: 1986.9905 | BX8: 1986.9905 | BY8: 2071.5497 | BZ8: 2060.8699 | CA8: 2071.9194 | CB8: 2098.8153 | CC8: 2082.682 | CD8: 2176.0454 | CE8: 2238.3727 | CF8: 2273.7149 | CG8: 2310.9231 | CH8: 2365.1228 | CI8: 2471.1848 | CJ8: 2727.3676 | CK8: 3293.7439 | CL8: 3225.7658 | CM8: 3262.175 | CN8: 3373.0201 | CO8: 3508.2873 | CP8: 3780.2887 | CQ8: 3742.6374 | CR8: 3536.1539 | CS8: 3536.0994 | CT8: 3635.9425 | CU8: 3566.1321 | CV8: 4271.2606 | CW8: 4362 | CX8: 5029 | CY8: 5280 | CZ8: 5705 | DA8: 5154 | DL8: =DL2 -> 4491.7647 | DM8: =DM2 -> 4491.7647 | DN8: =DN2 -> 4491.7647 | DO8: =AVERAGE(B8:CZ8) -> 2627.2233 | DP8: =MAX(B8:CZ8) -> 5705 | DQ8: =MIN(B8:CZ8) -> 1899.7562
A9: 股份27%磷矿 | B9: 400 | C9: 400 | D9: 400 | E9: 380 | F9: 380 | G9: 380 | H9: 380 | I9: 380 | J9: 380 | K9: 380 | L9: 380 | M9: 380 | N9: 390 | O9: 390 | P9: 380 | Q9: 380 | R9: 380 | S9: 380 | T9: 380 | U9: 370 | V9: 370 | W9: 370 | X9: 370 | Y9: 370 | Z9: 350 | AA9: 350 | AB9: 350 | AC9: 350 | AD9: 350 | AE9: 350 | AF9: 350 | AG9: 340 | AH9: 340 | AI9: 340 | AJ9: 340 | AK9: 340 | AL9: 340 | AM9: 355 | AN9: 355 | AO9: 355 | AP9: 355 | AQ9: 355 | AR9: 355 | AS9: 355 | AT9: 355 | AU9: 355 | AV9: 355 | AW9: 430 | AX9: 430 | AY9: 430 | AZ9: 430 | BA9: 430 | BB9: 430 | BC9: 430 | BD9: 430 | BE9: 430 | BF9: 430 | BG9: 430 | BH9: 450 | BI9: 500 | BJ9: 470 | BK9: 470 | BL9: 420 | BM9: 420 | BN9: 420 | BO9: 420 | BP9: 400 | BQ9: 400 | BR9: 380 | BS9: 380 | BT9: 370 | BU9: 370 | BV9: 370 | BW9: 370 | BX9: 370 | BY9: 338 | BZ9: 338 | CA9: 338 | CB9: 338 | CC9: 338 | CD9: 328 | CE9: 328 | CF9: 358 | CG9: 358 | CH9: 358 | CI9: 358 | CJ9: 358 | CK9: 408 | CL9: 458 | CM9: 488 | CN9: 508 | CO9: 558 | CP9: 608 | CQ9: 608 | CR9: 608 | CS9: 608 | CT9: 608 | CU9: 608 | CV9: 608 | CW9: 645.6 | CX9: 745.6 | CY9: 858 | CZ9: 958 | DA9: 958 | DL9: =DL8/DO12 -> 710.62369 | DM9: =DL8/DP12 -> 556.40027 | DN9: =DL8/DQ12 -> 836.41716 | DO9: =AVERAGE(B9:CZ9) -> 416.69126 | DP9: =MAX(B9:CZ9) -> 958 | DQ9: =MIN(B9:CZ9) -> 328
A10: 股份27%磷矿
A11: 股份27%磷矿
A12: 二铵/磷矿 | B12: =B8/B9 -> 5.5371063 | C12: =C8/C9 -> 5.8413201 | D12: =D8/D9 -> 6.216839 | E12: =E8/E9 -> 6.4832649 | F12: =F8/F9 -> 6.3714752 | G12: =G8/G9 -> 6.2894327 | H12: =H8/H9 -> 6.6239527 | I12: =I8/I9 -> 6.8692762 | ... DA12: =DA8/DA9 -> 5.3799582 | DL12: =DL8/DL9 -> 6.3208767 | DM12: =DM8/DM9 -> 8.0729017 | DN12: =DN8/DN9 -> 5.3702446 | DO12: =AVERAGE(B12:CZ12) -> 6.3208767 | DP12: =MAX(B12:CZ12) -> 8.0729017 | DQ12: =MIN(B12:CZ12) -> 5.3702446
A13: 二铵 | B13: 2214.8425 | C13: 2336.528 | D13: 2486.7356 | E13: 2463.6406 | F13: 2421.1606 | G13: 2389.9844 | H13: 2517.102 | I13: 2610.325 | J13: 2740.5815 | K13: 2534.1563 | L13: 2670.6606 | M13: 2577.8185 | N13: 2589.444 | O13: 2675.0397 | P13: 2661.9709 | Q13: 2677.4974 | R13: 2720.9215 | S13: 2716.1916 | T13: 2717.9307 | U13: 2742.6795 | V13: 2730.5512 | W13: 2667.0278 | X13: 2482.1079 | Y13: 2479.7249 | Z13: 2369.1368 | AA13: 2389.9206 | AB13: 2353.8078 | AC13: 2228.7594 | AD13: 2057.6541 | AE13: 2037.7391 | AF13: 2060.6494 | AG13: 2102.8897 | AH13: 2033.4587 | AI13: 1899.7562 | AJ13: 1955.911 | AK13: 1983.9083 | AL13: 2134.8937 | AM13: 2300.4024 | AN13: 2353.5189 | AO13: 2376.9914 | AP13: 2370.111 | AQ13: 2285.1173 | AR13: 2235.389 | AS13: 2225.4675 | AT13: 2229.8995 | AU13: 2235.7325 | AV13: 2329.2131 | AW13: 2470.3062 | AX13: 2501.2773 | AY13: 2526.6649 | AZ13: 2597.1353 | BA13: 2548.6285 | BB13: 2565.6194 | BC13: 2575.9278 | BD13: 2678.8684 | BE13: 2733.1973 | BF13: 2745.262 | BG13: 2742.6343 | BH13: 2700 | BI13: 2700 | BJ13: 2614 | BK13: 2625 | BL13: 2520.3918 | BM13: 2512.1307 | BN13: 2429.0092 | BO13: 2407.3258 | BP13: 2214.2749 | BQ13: 2214.1737 | BR13: 2187.0372 | BS13: 2139.2073 | BT13: 2103.8387 | BU13: 2061.2315 | BV13: 2085.8565 | BW13: 1986.9905 | BX13: 1986.9905 | BY13: 2071.5497 | BZ13: 2060.8699 | CA13: 2071.9194 | CB13: 2098.8153 | CC13: 2082.682 | CD13: 2176.0454 | CE13: 2238.3727 | CF13: 2273.7149 | CG13: 2310.9231 | CH13: 2365.1228 | CI13: 2471.1848 | CJ13: 2727.3676 | CK13: 3293.7439 | CL13: 3225.7658 | CM13: 3262.175 | CN13: 3373.0201 | CO13: 3508.2873 | CP13: 3780.2887 | CQ13: 3742.6374 | CR13: 3536.1539 | CS13: 3536.0994 | CT13: 3635.9425 | CU13: 3566.1321 | CV13: 4271.2606 | CW13: 4362 | CX13: 5029 | CY13: 5280 | CZ13: 5705 | DA13: 5154 | DL13: =DL7 -> 2.3324311 | DM13: =DM7 -> 3.8004829 | DN13: =DN7 -> 1.2320377 | DO13: =AVERAGE(B13:CZ13) -> 2627.2233 | DP13: =MAX(B13:CZ13) -> 5705 | DQ13: =MIN(B13:CZ13) -> 1899.7562
A14: 北方煤（兰花） | AX14: 964 | AY14: 984 | AZ14: 984 | BA14: 964 | BB14: 914 | BC14: 911 | BD14: 911 | BE14: 901 | BF14: 896 | BG14: 974 | BH14: 974 | BI14: 967 | BJ14: 917 | BK14: 917 | BL14: 903.67 | BM14: 886 | BN14: 876 | BO14: 866 | BP14: 839 | BQ14: 802.53 | BR14: 802.53 | BS14: 802.53 | BT14: 752.53 | BU14: 752.5 | BV14: 752.33 | BW14: 772.33 | BX14: 772.33 | BY14: 732.33 | BZ14: 702.33 | CA14: 755.67 | CB14: 755.67 | CC14: 692.66667 | CD14: 692.66667 | CE14: 769.33333 | CF14: 823 | CG14: 902.66667 | CH14: 1003 | CI14: 1003 | CJ14: 859 | CK14: 956 | CL14: 1125 | CM14: 1125 | CN14: 1203 | CO14: 1388 | CP14: 1588 | CQ14: 2309 | CR14: 1489 | CS14: 1416 | CT14: 1564.7616 | CU14: 1707.3545 | CV14: 1531.4466 | CW14: 1631.9322 | CX14: 1574.0976 | CY14: 1554.3867 | CZ14: 1491 | DA14: 1443 | DL14: =DL13/DO17 -> #DIV/0! | DM14: =DL13/DP17 -> #DIV/0! | DN14: =DL13/DQ17 -> #DIV/0! | DO14: =AVERAGE(B14:CZ14) -> 1038.2471 | DP14: =MAX(B14:CZ14) -> 2309 | DQ14: =MIN(B14:CZ14) -> 692.66667
A15: 北方煤（兰花）
A16: 北方煤（兰花）
A17: 二铵/北方煤 | B17: =B13/B14 -> #DIV/0! | C17: =C13/C14 -> #DIV/0! | D17: =D13/D14 -> #DIV/0! | E17: =E13/E14 -> #DIV/0! | F17: =F13/F14 -> #DIV/0! | G17: =G13/G14 -> #DIV/0! | H17: =H13/H14 -> #DIV/0! | I17: =I13/I14 -> #DIV/0! | ... DA17: =DA13/DA14 -> 3.5717256 | DL17: =DL13/DL14 -> #DIV/0! | DM17: =DM13/DM14 -> #DIV/0! | DN17: =DN13/DN14 -> #DIV/0! | DO17: =AVERAGE(B17:CZ17) -> #DIV/0! | DP17: =MAX(B17:CZ17) -> #DIV/0! | DQ17: =MIN(B17:CZ17) -> #DIV/0!
DL18: 4、紧盯历史价格规律： 二铵、硫磺、磷矿石14-22年历史价格 （1）二铵均价2621、最高价5280（22年6月）、最低价1900（16年10月）。 （2）硫磺港口现货均价1224、最高价4034（22年5月）、最低价524（19年11月）。 （3）27%磷矿石均价417、最高价958（22年7月）、最低价328（20年9、10月）。 二铵与硫磺、磷矿14-22年历史价格比值 （1）二铵与硫磺价格平均比值2.368，最高比值4.018（19年11月）、最低比值1.243（22年4月）。 （2）二铵与磷矿价格平均比值6.314，最高比值8.073（19年11月）、最低比值5.297（22年7月）。 按二铵下半年预测均价4492，参照二铵与硫磺、磷矿历史价格比值对硫磺及磷矿石下半年均价测算： （1）硫磺：按平均比值测算为1897、按最高比值测算为1118、按最低比值测算为3615。 （2）27%磷矿石：按平均比值测算为711、按最高比值测算为556、按最低比值测算为836。 故对比当前硫磺、磷矿价格： （1）硫磺当前价2000，下半年达到平均比值需降价103，达到最高比值需降价882。 （2）27%磷矿石当前价958，下半年达到平均比值需降价247，达到最高比值需降价401。
A19: 长江港硫磺现货价 | AX19: 1184 | AY19: 1199 | AZ19: 1117 | BA19: 1059 | BB19: 1127 | BC19: 1148 | BD19: 1193 | BE19: 1328 | BF19: 1487 | BG19: 1459 | BH19: 1398 | BI19: 1230.5 | BJ19: 1133.57 | BK19: 1086 | BL19: 1005.9 | BM19: 997.73 | BN19: 972.85714 | BO19: 963.68421 | BP19: 841.08696 | BQ19: 752.27273 | BR19: 642.6 | BS19: 602.36842 | BT19: 523.57143 | BU19: 539.09091 | BV19: 596.5625 | BW19: 611.13636 | BX19: 668.86364 | BY19: 598.40909 | BZ19: 641.05263 | CA19: 661.19048 | CB19: 630.86957 | CC19: 651.90476 | CD19: 702.17391 | CE19: 746.17647 | CF19: 806.36364 | CG19: 920.47619 | CH19: 1092.75 | CI19: 1438.2353 | CJ19: 1349.5652 | CK19: 1420 | CL19: 1554.4737 | CM19: 1597.8571 | CN19: 1584.3182 | CO19: 1774.0909 | CP19: 1908.4091 | CQ19: 1937.0588 | CR19: 2001.8182 | CS19: 2313.0435 | CT19: 2461.25 | CU19: 2569.3333 | CV19: 3236 | CW19: 3510.4762 | CX19: 4034 | CY19: 3538.0952 | CZ19: 1864.2857 | DA19: 1056.5217
A35: =DL18 -> 4、紧盯历史价格规律： 二铵、硫磺、磷矿石14-22年历史价格 （1）二铵均价2621、最高价5280（22年6月）、最低价1900（16年10月）。 （2）硫磺港口现货均价1224、最高价4034（22年5月）、最低价524（19年11月）。 （3）27%磷矿石均价417、最高价958（22年7月）、最低价328（20年9、10月）。 二铵与硫磺、磷矿14-22年历史价格比值 （1）二铵与硫磺价格平均比值2.368，最高比值4.018（19年11月）、最低比值1.243（22年4月）。 （2）二铵与磷矿价格平均比值6.314，最高比值8.073（19年11月）、最低比值5.297（22年7月）。 按二铵下半年预测均价4492，参照二铵与硫磺、磷矿历史价格比值对硫磺及磷矿石下半年均价测算： （1）硫磺：按平均比值测算为1897、按最高比值测算为1118、按最低比值测算为3615。 （2）27%磷矿石：按平均比值测算为711、按最高比值测算为556、按最低比值测算为836。 故对比当前硫磺、磷矿价格： （1）硫磺当前价2000，下半年达到平均比值需降价103，达到最高比值需降价882。 （2）27%磷矿石当前价958，下半年达到平均比值需降价247，达到最高比值需降价401。

Sheet 走势图 (近5年1张)
A1: 日期 | B1: 14年1月 | C1: 14年2月 | D1: 14年3月 | E1: 14年4月 | F1: 14年5月 | G1: 14年6月 | H1: 14年7月 | I1: 14年8月 | J1: 14年9月 | K1: 14年10月 | L1: 14年11月 | M1: 14年12月 | N1: 15年1月 | O1: 15年2月 | P1: 15年3月 | Q1: 15年4月 | R1: 15年5月 | S1: 15年6月 | T1: 15年7月 | U1: 15年8月 | V1: 15年9月 | W1: 15年10月 | X1: 15年11月 | Y1: 15年12月 | Z1: 16年1月 | AA1: 16年2月 | AB1: 16年3月 | AC1: 16年4月 | AD1: 16年5月 | AE1: 16年6月 | AF1: 16年7月 | AG1: 16年8月 | AH1: 16年9月 | AI1: 16年10月 | AJ1: 16年11月 | AK1: 16年12月 | AL1: 17年1月 | AM1: 17年2月 | AN1: 17年3月 | AO1: 17年4月 | AP1: 17年5月 | AQ1: 17年6月 | AR1: 17年7月 | AS1: 17年8月 | AT1: 17年9月 | AU1: 17年10月 | AV1: 17年11月 | AW1: 17年12月 | AX1: 18年1月 | AY1: 18年2月 | AZ1: 18年3月 | BA1: 18年4月 | BB1: 18年5月 | BC1: 18年6月 | BD1: 18年7月 | BE1: 18年8月 | BF1: 18年9月 | BG1: 18年10月 | BH1: 18年11月 | BI1: 18年12月 | BJ1: 19年1月 | BK1: 19年2月 | BL1: 19年3月 | BM1: 19年4月 | BN1: 19年5月 | BO1: 19年6月 | BP1: 19年7月 | BQ1: 19年8月 | BR1: 19年9月 | BS1: 19年10月 | BT1: 19年11月 | BU1: 19年12月 | BV1: 20年1月 | BW1: 20年2月 | BX1: 20年3月 | BY1: 20年4月 | BZ1: 20年5月 | CA1: 20年6月 | CB1: 20年7月 | CC1: 20年8月 | CD1: 20年9月 | CE1: 20年10月 | CF1: 20年11月 | CG1: 20年12月 | CH1: 21年1月 | CI1: 21年2月 | CJ1: 21年3月 | CK1: 21年4月 | CL1: 21年5月 | CM1: 21年6月 | CN1: 21年7月 | CO1: 21年8月 | CP1: 21年9月 | CQ1: 21年10月 | CR1: 21年11月 | CS1: 21年12月 | CT1: 22年1月 | CU1: 22年2月 | CV1: 22年3月 | CW1: 22年4月 | CX1: 22年5月 | CY1: 22年6月 | CZ1: 22年7月 | DA1: 22年8月
A2: 二铵 | B2: 2214.8425 | C2: 2336.528 | D2: 2486.7356 | E2: 2463.6406 | F2: 2421.1606 | G2: 2389.9844 | H2: 2517.102 | I2: 2610.325 | J2: 2740.5815 | K2: 2534.1563 | L2: 2670.6606 | M2: 2577.8185 | N2: 2589.444 | O2: 2675.0397 | P2: 2661.9709 | Q2: 2677.4974 | R2: 2720.9215 | S2: 2716.1916 | T2: 2717.9307 | U2: 2742.6795 | V2: 2730.5512 | W2: 2667.0278 | X2: 2482.1079 | Y2: 2479.7249 | Z2: 2369.1368 | AA2: 2389.9206 | AB2: 2353.8078 | AC2: 2228.7594 | AD2: 2057.6541 | AE2: 2037.7391 | AF2: 2060.6494 | AG2: 2102.8897 | AH2: 2033.4587 | AI2: 1899.7562 | AJ2: 1955.911 | AK2: 1983.9083 | AL2: 2134.8937 | AM2: 2300.4024 | AN2: 2353.5189 | AO2: 2376.9914 | AP2: 2370.111 | AQ2: 2285.1173 | AR2: 2235.389 | AS2: 2225.4675 | AT2: 2229.8995 | AU2: 2235.7325 | AV2: 2329.2131 | AW2: 2470.3062 | AX2: 2501.2773 | AY2: 2526.6649 | AZ2: 2597.1353 | BA2: 2548.6285 | BB2: 2565.6194 | BC2: 2575.9278 | BD2: 2678.8684 | BE2: 2733.1973 | BF2: 2745.262 | BG2: 2742.6343 | BH2: 2700 | BI2: 2700 | BJ2: 2614 | BK2: 2625 | BL2: 2520.3918 | BM2: 2512.1307 | BN2: 2429.0092 | BO2: 2407.3258 | BP2: 2214.2749 | BQ2: 2214.1737 | BR2: 2187.0372 | BS2: 2139.2073 | BT2: 2103.8387 | BU2: 2061.2315 | BV2: 2085.8565 | BW2: 1986.9905 | BX2: 1986.9905 | BY2: 2071.5497 | BZ2: 2060.8699 | CA2: 2071.9194 | CB2: 2098.8153 | CC2: 2082.682 | CD2: 2176.0454 | CE2: 2238.3727 | CF2: 2273.7149 | CG2: 2310.9231 | CH2: 2365.1228 | CI2: 2471.1848 | CJ2: 2727.3676 | CK2: 3293.7439 | CL2: 3225.7658 | CM2: 3262.175 | CN2: 3373.0201 | CO2: 3508.2873 | CP2: 3780.2887 | CQ2: 3742.6374 | CR2: 3536.1539 | CS2: 3536.0994 | CT2: 3635.9425 | CU2: 3566.1321 | CV2: 4271.2606 | CW2: 4362 | CX2: 5029 | CY2: 5280 | CZ2: 5705 | DA2: 5460
A3: 二铵 | CZ3: 5074.3294 | DA3: 4400
A4: 长江港硫磺现货价 | B4: 1327 | C4: 1491 | D4: 1408 | E4: 1104 | F4: 1307 | G4: 1315 | H4: 1361 | I4: 1291 | J4: 1197 | K4: 1024 | L4: 1145 | M4: 1314 | N4: 1372 | O4: 1354 | P4: 1370 | Q4: 1171 | R4: 1168 | S4: 1250 | T4: 1268 | U4: 1201 | V4: 1063 | W4: 1048 | X4: 1140 | Y4: 1080 | Z4: 945 | AA4: 841 | AB4: 760 | AC4: 767 | AD4: 753 | AE4: 711 | AF4: 669 | AG4: 689 | AH4: 729 | AI4: 763 | AJ4: 870 | AK4: 897 | AL4: 887 | AM4: 907 | AN4: 893 | AO4: 803 | AP4: 813 | AQ4: 837 | AR4: 902 | AS4: 983 | AT4: 1045 | AU4: 1386 | AV4: 1602 | AW4: 1301 | AX4: 1184 | AY4: 1199 | AZ4: 1117 | BA4: 1059 | BB4: 1127 | BC4: 1148 | BD4: 1193 | BE4: 1328 | BF4: 1487 | BG4: 1459 | BH4: 1398 | BI4: 1230.5 | BJ4: 1133.57 | BK4: 1086 | BL4: 1005.9 | BM4: 997.73 | BN4: 972.85714 | BO4: 963.68421 | BP4: 841.08696 | BQ4: 752.27273 | BR4: 642.6 | BS4: 602.36842 | BT4: 523.57143 | BU4: 539.09091 | BV4: 596.5625 | BW4: 611.13636 | BX4: 668.86364 | BY4: 598.40909 | BZ4: 641.05263 | CA4: 661.19048 | CB4: 630.86957 | CC4: 651.90476 | CD4: 702.17391 | CE4: 746.17647 | CF4: 806.36364 | CG4: 920.47619 | CH4: 1092.75 | CI4: 1438.2353 | CJ4: 1349.5652 | CK4: 1420 | CL4: 1554.4737 | CM4: 1597.8571 | CN4: 1584.3182 | CO4: 1774.0909 | CP4: 1908.4091 | CQ4: 1937.0588 | CR4: 2001.8182 | CS4: 2313.0435 | CT4: 2461.25 | CU4: 2569.3333 | CV4: 3236 | CW4: 3510.4762 | CX4: 4034 | CY4: 3538.0952 | CZ4: 1864.2857 | DA4: 1056.5217
A5: 长江港硫磺现货价 | CZ5: 2000 | DA5: 1900
A6: 长江港硫磺现货价 | CZ6: 2000 | DA6: 1200
A7: 二铵/硫磺 | B7: =B2/B4 -> 1.6690599 | C7: =C2/C4 -> 1.5670879 | D7: =D2/D4 -> 1.7661475 | E7: =E2/E4 -> 2.2315586 | F7: =F2/F4 -> 1.8524565 | G7: =G2/G4 -> 1.8174786 | H7: =H2/H4 -> 1.8494504 | I7: =I2/I4 -> 2.0219403 | ... CZ7: =CZ2/CZ4 -> 3.0601533
A8: 二铵 | B8: 2214.8425 | C8: 2336.528 | D8: 2486.7356 | E8: 2463.6406 | F8: 2421.1606 | G8: 2389.9844 | H8: 2517.102 | I8: 2610.325 | J8: 2740.5815 | K8: 2534.1563 | L8: 2670.6606 | M8: 2577.8185 | N8: 2589.444 | O8: 2675.0397 | P8: 2661.9709 | Q8: 2677.4974 | R8: 2720.9215 | S8: 2716.1916 | T8: 2717.9307 | U8: 2742.6795 | V8: 2730.5512 | W8: 2667.0278 | X8: 2482.1079 | Y8: 2479.7249 | Z8: 2369.1368 | AA8: 2389.9206 | AB8: 2353.8078 | AC8: 2228.7594 | AD8: 2057.6541 | AE8: 2037.7391 | AF8: 2060.6494 | AG8: 2102.8897 | AH8: 2033.4587 | AI8: 1899.7562 | AJ8: 1955.911 | AK8: 1983.9083 | AL8: 2134.8937 | AM8: 2300.4024 | AN8: 2353.5189 | AO8: 2376.9914 | AP8: 2370.111 | AQ8: 2285.1173 | AR8: 2235.389 | AS8: 2225.4675 | AT8: 2229.8995 | AU8: 2235.7325 | AV8: 2329.2131 | AW8: 2470.3062 | AX8: 2501.2773 | AY8: 2526.6649 | AZ8: 2597.1353 | BA8: 2548.6285 | BB8: 2565.6194 | BC8: 2575.9278 | BD8: 2678.8684 | BE8: 2733.1973 | BF8: 2745.262 | BG8: 2742.6343 | BH8: 2700 | BI8: 2700 | BJ8: 2614 | BK8: 2625 | BL8: 2520.3918 | BM8: 2512.1307 | BN8: 2429.0092 | BO8: 2407.3258 | BP8: 2214.2749 | BQ8: 2214.1737 | BR8: 2187.0372 | BS8: 2139.2073 | BT8: 2103.8387 | BU8: 2061.2315 | BV8: 2085.8565 | BW8: 1986.9905 | BX8: 1986.9905 | BY8: 2071.5497 | BZ8: 2060.8699 | CA8: 2071.9194 | CB8: 2098.8153 | CC8: 2082.682 | CD8: 2176.0454 | CE8: 2238.3727 | CF8: 2273.7149 | CG8: 2310.9231 | CH8: 2365.1228 | CI8: 2471.1848 | CJ8: 2727.3676 | CK8: 3293.7439 | CL8: 3225.7658 | CM8: 3262.175 | CN8: 3373.0201 | CO8: 3508.2873 | CP8: 3780.2887 | CQ8: 3742.6374 | CR8: 3536.1539 | CS8: 3536.0994 | CT8: 3635.9425 | CU8: 3566.1321 | CV8: 4271.2606 | CW8: 4362 | CX8: 5029 | CY8: 5280 | CZ8: =(5900*22+4786*63)/85 -> 5074.3294 | DA8: 4400
A9: 股份27%磷矿 | B9: 400 | C9: 400 | D9: 400 | E9: 380 | F9: 380 | G9: 380 | H9: 380 | I9: 380 | J9: 380 | K9: 380 | L9: 380 | M9: 380 | N9: 390 | O9: 390 | P9: 380 | Q9: 380 | R9: 380 | S9: 380 | T9: 380 | U9: 370 | V9: 370 | W9: 370 | X9: 370 | Y9: 370 | Z9: 350 | AA9: 350 | AB9: 350 | AC9: 350 | AD9: 350 | AE9: 350 | AF9: 350 | AG9: 340 | AH9: 340 | AI9: 340 | AJ9: 340 | AK9: 340 | AL9: 340 | AM9: 355 | AN9: 355 | AO9: 355 | AP9: 355 | AQ9: 355 | AR9: 355 | AS9: 355 | AT9: 355 | AU9: 355 | AV9: 355 | AW9: 430 | AX9: 430 | AY9: 430 | AZ9: 430 | BA9: 430 | BB9: 430 | BC9: 430 | BD9: 430 | BE9: 430 | BF9: 430 | BG9: 430 | BH9: 450 | BI9: 500 | BJ9: 470 | BK9: 470 | BL9: 420 | BM9: 420 | BN9: 420 | BO9: 420 | BP9: 400 | BQ9: 400 | BR9: 380 | BS9: 380 | BT9: 370 | BU9: 370 | BV9: 370 | BW9: 370 | BX9: 370 | BY9: 338 | BZ9: 338 | CA9: 338 | CB9: 338 | CC9: 338 | CD9: 328 | CE9: 328 | CF9: 358 | CG9: 358 | CH9: 358 | CI9: 358 | CJ9: 358 | CK9: 408 | CL9: 458 | CM9: 488 | CN9: 508 | CO9: 558 | CP9: 608 | CQ9: 608 | CR9: 608 | CS9: 608 | CT9: 608 | CU9: 608 | CV9: 608 | CW9: 645.6 | CX9: 745.6 | CY9: 858 | CZ9: 958 | DA9: 958
A10: 股份27%磷矿 | CZ10: 958 | DA10: 650
A11: 股份27%磷矿 | CZ11: 958 | DA11: 850
A12: 二铵/磷矿 | B12: =B8/B9 -> 5.5371063 | C12: =C8/C9 -> 5.8413201 | D12: =D8/D9 -> 6.216839 | E12: =E8/E9 -> 6.4832649 | F12: =F8/F9 -> 6.3714752 | G12: =G8/G9 -> 6.2894327 | H12: =H8/H9 -> 6.6239527 | I12: =I8/I9 -> 6.8692762 | ... CZ12: =CZ8/CZ9 -> 5.2967948
A13: 北方煤（兰花） | AX13: 964 | AY13: 984 | AZ13: 984 | BA13: 964 | BB13: 914 | BC13: 911 | BD13: 911 | BE13: 901 | BF13: 896 | BG13: 974 | BH13: 974 | BI13: 967 | BJ13: 917 | BK13: 917 | BL13: 903.67 | BM13: 886 | BN13: 876 | BO13: 866 | BP13: 839 | BQ13: 802.53 | BR13: 802.53 | BS13: 802.53 | BT13: 752.53 | BU13: 752.5 | BV13: 752.33 | BW13: 772.33 | BX13: 772.33 | BY13: 732.33 | BZ13: 702.33 | CA13: 755.67 | CB13: 755.67 | CC13: 692.66667 | CD13: 692.66667 | CE13: 769.33333 | CF13: 823 | CG13: 902.66667 | CH13: 1003 | CI13: 1003 | CJ13: 859 | CK13: 956 | CL13: 1125 | CM13: 1125 | CN13: 1203 | CO13: 1388 | CP13: 1588 | CQ13: 2309 | CR13: 1489 | CS13: 1416 | CT13: 1564.7616 | CU13: 1707.3545 | CV13: 1531.4466 | CW13: 1631.9322 | CX13: 1574.0976 | CY13: 1554.3867 | CZ13: 1491 | DA13: 1443
A30: =#REF! -> #REF!

Sheet 二铵、煤炭、硫磺、磷矿14年-22年
F1: 二铵 | J1: 原料+辅材+动力+维修+人工+包装
A2: 日期 | B2: 二铵 | C2: 尿素 | D2: 氯化铵 | E2: 二铵国际 | F2: 出口 | G2: 国内 | I2: 煤炭价格 | J2: 固定床尿素成本 | K2: 硫磺 | L2: 磷矿27%到厂 | M2: 尿素成本
A3: 14年1月 | B3: 2214.8425 | C3: 1588.9271 | D3: 515.52044 | E3: 405 | F3: 2234.4882 | G3: 2240.922 | I3: 827 | J3: =0.9*I3+50+1000+100+100+20 -> 2014.3 | K3: 1327 | L3: 400 | M3: =0.9*I3+50+1000 -> 1794.3
A4: 14年2月 | B4: 2336.528 | C4: 1492.504 | D4: 476.02094 | E4: 460.53571 | F4: 2450 | G4: 2346.6679 | I4: 800 | J4: =0.9*I4+50+1000+100+100+20 -> 1990 | K4: 1491 | L4: 400 | M4: =0.9*I4+50+1000 -> 1770
A5: 14年3月 | B5: 2486.7356 | C5: 1433.5488 | D5: 440.91951 | E5: 461.80645 | F5: 2543.228 | G5: 2415.5608 | I5: 770 | J5: =0.9*I5+50+1000+100+100+20 -> 1963 | K5: 1408 | L5: 400 | M5: =0.9*I5+50+1000 -> 1743
A6: 14年4月 | B6: 2463.6406 | C6: 1317.3171 | D6: 385.27182 | E6: 432.2 | F6: 2585.6642 | G6: 2475.4949 | I6: 735 | J6: =0.9*I6+50+1000+100+100+20 -> 1931.5 | K6: 1104 | L6: 380 | M6: =0.9*I6+50+1000 -> 1711.5
A7: 14年5月 | B7: 2421.1606 | C7: 1259.8514 | D7: 317.63403 | E7: 434.35484 | F7: 2420 | G7: 2429.4034 | I7: 695 | J7: =0.9*I7+50+1000+100+100+20 -> 1895.5 | K7: 1307 | L7: 380 | M7: =0.9*I7+50+1000 -> 1675.5
A8: 14年6月 | B8: 2389.9844 | C8: 1234.71 | D8: 289.51425 | E8: 436.6 | F8: 2507.9257 | G8: 2433.2804 | I8: 695 | J8: =0.9*I8+50+1000+100+100+20 -> 1895.5 | K8: 1315 | L8: 380 | M8: =0.9*I8+50+1000 -> 1675.5
A9: 14年7月 | B9: 2517.102 | C9: 1314.4808 | D9: 286.55565 | E9: 436.80645 | F9: 2516.4097 | G9: 2550 | I9: 671 | J9: =0.9*I9+50+1000+100+100+20 -> 1873.9 | K9: 1361 | L9: 380 | M9: =0.9*I9+50+1000 -> 1653.9
A10: 14年8月 | B10: 2610.325 | C10: 1298.9605 | D10: 283.39914 | E10: 455.32258 | F10: 2595.4545 | G10: 2650 | I10: 667 | J10: =0.9*I10+50+1000+100+100+20 -> 1870.3 | K10: 1291 | L10: 380 | M10: =0.9*I10+50+1000 -> 1650.3
A11: 14年9月 | B11: 2740.5815 | C11: 1326.4348 | D11: 286.92644 | E11: 472.93333 | F11: 2745 | G11: 2682.9476 | I11: 657 | J11: =0.9*I11+50+1000+100+100+20 -> 1861.3 | K11: 1197 | L11: 380 | M11: =0.9*I11+50+1000 -> 1641.3
A12: 14年10月 | B12: 2534.1563 | C12: 1374.4497 | D12: 286.63456 | E12: 475 | F12: 2515 | G12: 2552.7711 | I12: 657 | J12: =0.9*I12+50+1000+100+100+20 -> 1861.3 | K12: 1024 | L12: 380 | M12: =0.9*I12+50+1000 -> 1641.3
A13: 14年11月 | B13: 2670.6606 | C13: 1375.2627 | D13: 261.65254 | E13: 474.2 | F13: 2691.1766 | G13: 2556.4057 | I13: 677 | J13: =0.9*I13+50+1000+100+100+20 -> 1879.3 | K13: 1145 | L13: 380 | M13: =0.9*I13+50+1000 -> 1659.3
A14: 14年12月 | B14: 2577.8185 | C14: 1352.1107 | D14: 258.98965 | E14: 467 | F14: 2578.7581 | G14: 2577.0203 | I14: 677 | J14: =0.9*I14+50+1000+100+100+20 -> 1879.3 | K14: 1314 | L14: 380 | M14: =0.9*I14+50+1000 -> 1659.3
... A30: 16年4月 | B30: 2228.7594 | C30: 1135.4538 | D30: 437.63449 | E30: 331.36667 | F30: 2103.6083 | G30: 2340.2946 | I30: 509 | J30: =0.9*I30+50+1000+100+100+20 -> 1728.1 | K30: 767 | L30: 350 | M30: =0.9*I30+50+1000 -> 1508.1
A31: 16年5月 | B31: 2057.6541 | C31: 1049.3155 | D31: 456.06253 | E31: 332.67742 | F31: 2016.5554 | G31: 2202.0681 | I31: 529 | J31: =0.9*I31+50+1000+100+100+20 -> 1746.1 | K31: 753 | L31: 350 | M31: =0.9*I31+50+1000 -> 1526.1 | N31: 日期 | O31: 14年1月 | P31: 春节后价格与春节前对比 | Q31: 14年2月 | R31: 14年3月 | S31: 14年4月 | T31: 14年5月 | U31: 14年6月 | V31: 14年7月 | W31: 14年8月 | X31: 秋季市场价格与前两月对比 | Y31: 14年9月 | Z31: 14年10月 | AA31: 14年11月 | AB31: 14年12月
A32: 16年6月 | B32: 2037.7391 | C32: 1070.641 | D32: 411.52362 | E32: 330.73333 | F32: 2023.5383 | G32: 2129.528 | I32: 539 | J32: =0.9*I32+50+1000+100+100+20 -> 1755.1 | K32: 711 | L32: 350 | M32: =0.9*I32+50+1000 -> 1535.1 | N32: 二铵 | O32: 2214.8425 | P32: =AVERAGE(Q32:S32)/AVERAGE(O32)-1 -> 0.096677554 | Q32: 2336.528 | R32: 2486.7356 | S32: 2463.6406 | T32: 2421.1606 | U32: 2389.9844 | V32: 2517.102 | W32: 2610.325 | X32: =AVERAGE(Y32:Z32)/AVERAGE(V32:W32)-1 -> 0.028729957 | Y32: 2740.5815 | Z32: 2534.1563 | AA32: 2670.6606 | AB32: 2577.8185
A33: 16年7月 | B33: 2060.6494 | C33: 1022.4895 | D33: 411.72955 | E33: 329.80645 | F33: 2062.2232 | G33: 2050.0638 | I33: 539 | J33: =0.9*I33+50+1000+100+100+20 -> 1755.1 | K33: 669 | L33: 350 | M33: =0.9*I33+50+1000 -> 1535.1 | N33: 尿素 | O33: 1588.9271 | P33: =AVERAGE(Q33:S33)/AVERAGE(O33)-1 -> -0.10980392 | Q33: 1492.504 | R33: 1433.5488 | S33: 1317.3171 | T33: 1259.8514 | U33: 1234.71 | V33: 1314.4808 | W33: 1298.9605 | X33: =AVERAGE(Y33:Z33)/AVERAGE(V33:W33)-1 -> 0.033459052 | Y33: 1326.4348 | Z33: 1374.4497 | AA33: 1375.2627 | AB33: 1352.1107
A34: 16年8月 | B34: 2102.8897 | C34: 1036.9939 | D34: 395.94286 | E34: 327.16129 | F34: 2109.4381 | G34: 2035.7343 | I34: 519 | J34: =0.9*I34+50+1000+100+100+20 -> 1737.1 | K34: 689 | L34: 340 | M34: =0.9*I34+50+1000 -> 1517.1 | N34: 氯化铵 | O34: 515.52044 | P34: =AVERAGE(Q34:S34)/AVERAGE(O34)-1 -> -0.15799507 | Q34: 476.02094 | R34: 440.91951 | S34: 385.27182 | T34: 317.63403 | U34: 289.51425 | V34: 286.55565 | W34: 283.39914 | X34: =AVERAGE(Y34:Z34)/AVERAGE(V34:W34)-1 -> 0.0063271992 | Y34: 286.92644 | Z34: 286.63456 | AA34: 261.65254 | AB34: 258.98965
A35: 16年9月 | B35: 2033.4587 | C35: 905.98655 | D35: 373.5679 | E35: 320.4 | F35: 2032.0814 | G35: 2035.4372 | I35: 659 | J35: =0.9*I35+50+1000+100+100+20 -> 1863.1 | K35: 729 | L35: 340 | M35: =0.9*I35+50+1000 -> 1643.1 | O35: 15年1月 | Q35: 15年2月 | R35: 15年3月 | S35: 15年4月 | T35: 15年5月 | U35: 15年6月 | V35: 15年7月 | W35: 15年8月 | Y35: 15年9月 | Z35: 15年10月 | AA35: 15年11月 | AB35: 15年12月
A36: 16年10月 | B36: 1899.7562 | C36: 995.04361 | D36: 363.44388 | E36: 303.29032 | F36: 1882.3635 | G36: 2030.1856 | I36: 779 | J36: =0.9*I36+50+1000+100+100+20 -> 1971.1 | K36: 763 | L36: 340 | M36: =0.9*I36+50+1000 -> 1751.1 | N36: 二铵 | O36: 2589.444 | P36: =AVERAGE(Q36:S36)/AVERAGE(O36,AA32,AB32)-1 -> 0.022529576 | Q36: 2675.0397 | R36: 2661.9709 | S36: 2677.4974 | T36: 2720.9215 | U36: 2716.1916 | V36: 2717.9307 | W36: 2742.6795 | X36: =AVERAGE(Y36:Z36)/AVERAGE(V36:W36)-1 -> -0.011542884 | Y36: 2730.5512 | Z36: 2667.0278 | AA36: 2482.1079 | AB36: 2479.7249
A37: 16年11月 | B37: 1955.911 | C37: 1077.5492 | D37: 385.28286 | E37: 302.56667 | F37: 1909.2783 | G37: 2013.8131 | I37: 779 | J37: =0.9*I37+50+1000+100+100+20 -> 1971.1 | K37: 870 | L37: 340 | M37: =0.9*I37+50+1000 -> 1751.1 | N37: 尿素 | O37: 1398.4936 | P37: =AVERAGE(Q37:S37)/AVERAGE(O37,AA33,AB33)-1 -> 0.000216366 | Q37: 1377.9747 | R37: 1369.9045 | S37: 1378.8805 | T37: 1429.9393 | U37: 1551.24 | V37: 1542.0986 | W37: 1400.2932 | X37: =AVERAGE(Y37:Z37)/AVERAGE(V37:W37)-1 -> -0.14162818 | Y37: 1347.0938 | Z37: 1178.5725 | AA37: 1254.0078 | AB37: 1226.4003
A38: 16年12月 | B38: 1983.9083 | C38: 1166.9475 | D38: 452.10937 | E38: 314.87097 | F38: 1935.8515 | G38: 2031.6664 | I38: 799 | J38: =0.9*I38+50+1000+100+100+20 -> 1989.1 | K38: 897 | L38: 340 | M38: =0.9*I38+50+1000 -> 1769.1 | N38: 氯化铵 | O38: 255.21676 | P38: =AVERAGE(Q38:S38)/AVERAGE(O38,AA34,AB34)-1 -> 0.071804511 | Q38: 253.79593 | R38: 277.89929 | S38: 299.87391 | T38: 332.4167 | U38: 355.46348 | V38: 468.41953 | W38: 564.90534 | X38: =AVERAGE(Y38:Z38)/AVERAGE(V38:W38)-1 -> 0.019710943 | Y38: 585.74566 | Z38: 467.94702 | AA38: 396.97685 | AB38: 362.93739
A39: 17年1月 | B39: 2134.8937 | C39: 1312.6983 | D39: 517.87437 | E39: 343.3871 | F39: 2109.104 | G39: 2165.7681 | I39: 799 | J39: =0.9*I39+50+1000+100+100+20 -> 1989.1 | K39: 887 | L39: 340 | M39: =0.9*I39+50+1000 -> 1769.1 | O39: 16年1月 | Q39: 16年2月 | R39: 16年3月 | S39: 16年4月 | T39: 16年5月 | U39: 16年6月 | V39: 16年7月 | W39: 16年8月 | Y39: 16年9月 | Z39: 16年10月 | AA39: 16年11月 | AB39: 16年12月
A40: 17年2月 | B40: 2300.4024 | C40: 1353.2746 | D40: 532.70423 | E40: 362.28571 | F40: 2286.2948 | G40: 2305.2293 | I40: 799 | J40: =0.9*I40+50+1000+100+100+20 -> 1989.1 | K40: 907 | L40: 355 | M40: =0.9*I40+50+1000 -> 1769.1 | N40: 二铵 | O40: 2369.1368 | P40: =AVERAGE(Q40:S40)/AVERAGE(O40,AA36,AB36)-1 -> -0.048899631 | Q40: 2389.9206 | R40: 2353.8078 | S40: 2228.7594 | T40: 2057.6541 | U40: 2037.7391 | V40: 2060.6494 | W40: 2102.8897 | X40: =AVERAGE(Y40:Z40)/AVERAGE(V40:W40)-1 -> -0.055319361 | Y40: 2033.4587 | Z40: 1899.7562 | AA40: 1955.911 | AB40: 1983.9083
A41: 17年3月 | B41: 2353.5189 | C41: 1312.426 | D41: 470.46185 | E41: 367.48387 | F41: 2354.021 | G41: 2353.0414 | I41: 799 | J41: =0.9*I41+50+1000+100+100+20 -> 1989.1 | K41: 893 | L41: 355 | M41: =0.9*I41+50+1000 -> 1769.1 | N41: 尿素 | O41: 1152.0803 | P41: =AVERAGE(Q41:S41)/AVERAGE(O41,AA37,AB37)-1 -> -0.078792802 | Q41: 1099.7143 | R41: 1111.1063 | S41: 1135.4538 | T41: 1049.3155 | U41: 1070.641 | V41: 1022.4895 | W41: 1036.9939 | X41: =AVERAGE(Y41:Z41)/AVERAGE(V41:W41)-1 -> -0.076938325 | Y41: 905.98655 | Z41: 995.04361 | AA41: 1077.5492 | AB41: 1166.9475
A42: 17年4月 | B42: 2376.9914 | C42: 1330.1959 | D42: 399.80999 | E42: 359.23333 | F42: 2378.8964 | G42: 2374.0874 | I42: 836 | J42: =0.9*I42+50+1000+100+100+20 -> 2022.4 | K42: 803 | L42: 355 | M42: =0.9*I42+50+1000 -> 1802.4 | N42: 氯化铵 | O42: 352.1785 | P42: =AVERAGE(Q42:S42)/AVERAGE(O42,AA38,AB38)-1 -> 0.028853909 | Q42: 341.43891 | R42: 365.10758 | S42: 437.63449 | T42: 456.06253 | U42: 411.52362 | V42: 411.72955 | W42: 395.94286 | X42: =AVERAGE(Y42:Z42)/AVERAGE(V42:W42)-1 -> -0.087486726 | Y42: 373.5679 | Z42: 363.44388 | AA42: 385.28286 | AB42: 452.10937
A43: 17年5月 | B43: 2370.111 | C43: 1256.7046 | D43: 381.1962 | E43: 350.54839 | F43: 2376.0101 | G43: 2321.9835 | I43: 836 | J43: =0.9*I43+50+1000+100+100+20 -> 2022.4 | K43: 813 | L43: 355 | M43: =0.9*I43+50+1000 -> 1802.4 | O43: 17年1月 | Q43: 17年2月 | R43: 17年3月 | S43: 17年4月 | T43: 17年5月 | U43: 17年6月 | V43: 17年7月 | W43: 17年8月 | Y43: 17年9月 | Z43: 17年10月 | AA43: 17年11月 | AB43: 17年12月
A44: 17年6月 | B44: 2285.1173 | C44: 1342.4411 | D44: 373.94564 | E44: 341.43333 | F44: 2281.1174 | G44: 2322.5919 | I44: 811 | J44: =0.9*I44+50+1000+100+100+20 -> 1999.9 | K44: 837 | L44: 355 | M44: =0.9*I44+50+1000 -> 1779.9 | N44: 二铵 | O44: 2134.8937 | P44: =AVERAGE(Q44:S44)/AVERAGE(O44,AA40,AB40)-1 -> 0.15740656 | Q44: 2300.4024 | R44: 2353.5189 | S44: 2376.9914 | T44: 2370.111 | U44: 2285.1173 | V44: 2235.389 | W44: 2225.4675 | X44: =AVERAGE(Y44:Z44)/AVERAGE(V44:W44)-1 -> 0.0010705388 | Y44: 2229.8995 | Z44: 2235.7325 | AA44: 2329.2131 | AB44: 2470.3062
A45: 17年7月 | B45: 2235.389 | C45: 1379.4437 | D45: 374.24002 | E45: 338.1129 | F45: 2221.0173 | G45: 2292.5487 | I45: 824 | J45: =0.9*I45+50+1000+100+100+20 -> 2011.6 | K45: 902 | L45: 355 | M45: =0.9*I45+50+1000 -> 1791.6 | N45: 尿素 | O45: 1312.6983 | P45: =AVERAGE(Q45:S45)/AVERAGE(O45,AA41,AB41)-1 -> 0.12332794 | Q45: 1353.2746 | R45: 1312.426 | S45: 1330.1959 | T45: 1256.7046 | U45: 1342.4411 | V45: 1379.4437 | W45: 1230.3258 | X45: =AVERAGE(Y45:Z45)/AVERAGE(V45:W45)-1 -> 0.054429048 | Y45: 1289.3319 | Z45: 1462.4848 | AA45: 1547.5496 | AB45: 1573.9015
A46: 17年8月 | B46: 2225.4675 | C46: 1230.3258 | D46: 379.41374 | E46: 339.54839 | F46: 2206.4127 | G46: 2298.0614 | I46: 914 | J46: =0.9*I46+50+1000+100+100+20 -> 2092.6 | K46: 983 | L46: 355 | M46: =0.9*I46+50+1000 -> 1872.6 | N46: 氯化铵 | O46: 517.87437 | P46: =AVERAGE(Q46:S46)/AVERAGE(O46,AA42,AB42)-1 -> 0.035203015 | Q46: 532.70423 | R46: 470.46185 | S46: 399.80999 | T46: 381.1962 | U46: 373.94564 | V46: 374.24002 | W46: 379.41374 | X46: =AVERAGE(Y46:Z46)/AVERAGE(V46:W46)-1 -> 0.022191049 | Y46: 380.59659 | Z46: 389.78153 | AA46: 420.03638 | AB46: 456.30645
A47: 17年9月 | B47: 2229.8995 | C47: 1289.3319 | D47: 380.59659 | E47: 350.5 | F47: 2214.5449 | G47: 2299.4437 | I47: 1024 | J47: =0.9*I47+50+1000+100+100+20 -> 2191.6 | K47: 1045 | L47: 355 | M47: =0.9*I47+50+1000 -> 1971.6 | O47: 18年1月 | Q47: 18年2月 | R47: 18年3月 | S47: 18年4月 | T47: 18年5月 | U47: 18年6月 | V47: 18年7月 | W47: 18年8月 | Y47: 18年9月 | Z47: 18年10月 | AA47: 18年11月 | AB47: 18年12月
A48: 17年10月 | B48: 2235.7325 | C48: 1462.4848 | D48: 389.78153 | E48: 360.85484 | F48: 2213.2155 | G48: 2301.1431 | I48: 1024 | J48: =0.9*I48+50+1000+100+100+20 -> 2191.6 | K48: 1386 | L48: 355 | M48: =0.9*I48+50+1000 -> 1971.6 | N48: 二铵 | O48: 2501.2773 | P48: =AVERAGE(Q48:S48)/AVERAGE(O48,AA44,AB44)-1 -> 0.05090294 | Q48: 2526.6649 | R48: 2597.1353 | S48: 2548.6285 | T48: 2565.6194 | U48: 2575.9278 | V48: 2678.8684 | W48: 2733.1973 | X48: =AVERAGE(Y48:Z48)/AVERAGE(V48:W48)-1 -> 0.01401138 | Y48: 2745.262 | Z48: 2742.6343 | AA48: 2700 | AB48: 2700
A49: 17年11月 | B49: 2329.2131 | C49: 1547.5496 | D49: 420.03638 | E49: 383.78333 | F49: 2250.8343 | G49: 2388.5134 | I49: 974 | J49: =0.9*I49+50+1000+100+100+20 -> 2146.6 | K49: 1602 | L49: 355 | M49: =0.9*I49+50+1000 -> 1926.6 | N49: 尿素 | O49: 1635.4016 | P49: =AVERAGE(Q49:S49)/AVERAGE(O49,AA45,AB45)-1 -> 0.056250467 | Q49: 1708.028 | R49: 1685.1699 | S49: 1631.23 | T49: 1720.0567 | U49: 1803.3435 | V49: 1648.6336 | W49: 1640.7106 | X49: =AVERAGE(Y49:Z49)/AVERAGE(V49:W49)-1 -> 0.11411778 | Y49: 1756.998 | Z49: 1907.7189 | AA49: 1970 | AB49: 1900
A50: 17年12月 | B50: 2470.3062 | C50: 1573.9015 | D50: 456.30645 | E50: 405.80645 | F50: 2485.3958 | G50: 2463.9583 | I50: 944 | J50: =0.9*I50+50+1000+100+100+20 -> 2119.6 | K50: 1301 | L50: 430 | M50: =0.9*I50+50+1000 -> 1899.6 | N50: 氯化铵 | O50: 485.44029 | P50: =AVERAGE(Q50:S50)/AVERAGE(O50,AA46,AB46)-1 -> 0.13442429 | Q50: 550.90466 | R50: 522.53553 | S50: 471.39966 | T50: 481.766 | U50: 493.81541 | V50: 543.96639 | W50: 547.83487 | X50: =AVERAGE(Y50:Z50)/AVERAGE(V50:W50)-1 -> 0.16872371 | Y50: 616.46036 | Z50: 659.55365 | AA50: 712.53991 | AB50: 719.29174
A51: 18年1月 | B51: 2501.2773 | C51: 1635.4016 | D51: 485.44029 | E51: 408.54839 | F51: 2532.6354 | G51: 2482.6749 | I51: 964 | J51: =0.9*I51+50+1000+100+100+20 -> 2137.6 | K51: 1184 | L51: 430 | M51: =0.9*I51+50+1000 -> 1917.6 | O51: 19年1月 | Q51: 19年2月 | R51: 19年3月 | S51: 19年4月 | T51: 19年5月 | U51: 19年6月 | V51: 19年7月 | W51: 19年8月 | Y51: 19年9月 | Z51: 19年10月 | AA51: 19年11月 | AB51: 19年12月
A52: 18年2月 | B52: 2526.6649 | C52: 1708.028 | D52: 550.90466 | E52: 411.78571 | F52: 2483.3838 | G52: 2558.6549 | I52: 984 | J52: =0.9*I52+50+1000+100+100+20 -> 2155.6 | K52: 1199 | L52: 430 | M52: =0.9*I52+50+1000 -> 1935.6 | N52: 二铵 | O52: 2614 | P52: =AVERAGE(Q52:S52)/AVERAGE(O52,AA48,AB48)-1 -> -0.044481843 | Q52: 2625 | R52: 2520.3918 | S52: 2512.1307 | T52: 2429.0092 | U52: 2407.3258 | V52: 2214.2749 | W52: 2214.1737 | X52: =AVERAGE(Y52:Z52)/AVERAGE(V52:W52)-1 -> -0.023078981 | Y52: 2187.0372 | Z52: 2139.2073 | AA52: 2103.8387 | AB52: 2061.2315
A53: 18年3月 | B53: 2597.1353 | C53: 1685.1699 | D53: 522.53553 | E53: 413.79032 | F53: 2608.7903 | G53: 2591.9831 | I53: 984 | J53: =0.9*I53+50+1000+100+100+20 -> 2155.6 | K53: 1117 | L53: 430 | M53: =0.9*I53+50+1000 -> 1935.6 | N53: 尿素 | O53: 1700 | P53: =AVERAGE(Q53:S53)/AVERAGE(O53,AA49,AB49)-1 -> -0.059128645 | Q53: 1650 | R53: 1739.2984 | S53: 1851.3551 | T53: 1737.2891 | U53: 1693.2258 | V53: 1645.6369 | W53: 1578.8262 | X53: =AVERAGE(Y53:Z53)/AVERAGE(V53:W53)-1 -> -0.045984399 | Y53: 1551.4086 | Z53: 1524.7795 | AA53: 1496.5959 | AB53: 1483.6688
A54: 18年4月 | B54: 2548.6285 | C54: 1631.23 | D54: 471.39966 | E54: 409.91667 | F54: 2543.0642 | G54: 2577.5277 | I54: 964 | J54: =0.9*I54+50+1000+100+100+20 -> 2137.6 | K54: 1059 | L54: 430 | M54: =0.9*I54+50+1000 -> 1917.6 | N54: 氯化铵 | O54: 663.24197 | P54: =AVERAGE(Q54:S54)/AVERAGE(O54,AA50,AB50)-1 -> -0.10727306 | Q54: 633.32865 | R54: 584 | S54: 653 | T54: 698 | U54: 655 | V54: 664 | W54: 650 | X54: =AVERAGE(Y54:Z54)/AVERAGE(V54:W54)-1 -> -0.15905632 | Y54: 570 | Z54: 535 | AA54: 474 | AB54: 439.41767
A55: 18年5月 | B55: 2565.6194 | C55: 1720.0567 | D55: 481.766 | E55: 412.6129 | F55: 2566.0679 | G55: 2557.9926 | I55: 914 | J55: =0.9*I55+50+1000+100+100+20 -> 2092.6 | K55: 1127 | L55: 430 | M55: =0.9*I55+50+1000 -> 1872.6
A56: 18年6月 | B56: 2575.9278 | C56: 1803.3435 | D56: 493.81541 | E56: 414.73333 | F56: 2577.2175 | G56: 2555.0742 | I56: 911 | J56: =0.9*I56+50+1000+100+100+20 -> 2089.9 | K56: 1148 | L56: 430 | M56: =0.9*I56+50+1000 -> 1869.9
A57: 18年7月 | B57: 2678.8684 | C57: 1648.6336 | D57: 543.96639 | E57: 418.30645 | F57: 2688.0791 | G57: 2573.9224 | I57: 911 | J57: =0.9*I57+50+1000+100+100+20 -> 2089.9 | K57: 1193 | L57: 430 | M57: =0.9*I57+50+1000 -> 1869.9
A58: 18年8月 | B58: 2733.1973 | C58: 1640.7106 | D58: 547.83487 | E58: 417.06452 | F58: 2744.5452 | G58: 2610.8021 | I58: 901 | J58: =0.9*I58+50+1000+100+100+20 -> 2080.9 | K58: 1328 | L58: 430 | M58: =0.9*I58+50+1000 -> 1860.9
A59: 18年9月 | B59: 2745.262 | C59: 1756.998 | D59: 616.46036 | E59: 415.83333 | F59: 2754.5085 | G59: 2687.935 | I59: 896 | J59: =0.9*I59+50+1000+100+100+20 -> 2076.4 | K59: 1487 | L59: 430 | M59: =0.9*I59+50+1000 -> 1856.4
A60: 18年10月 | B60: 2742.6343 | C60: 1907.7189 | D60: 659.55365 | E60: 414.33871 | F60: 2758.5463 | G60: 2670.1729 | I60: 974 | J60: =0.9*I60+50+1000+100+100+20 -> 2146.6 | K60: 1459 | L60: 430 | M60: =0.9*I60+50+1000 -> 1926.6
A61: 18年11月 | B61: 2700 | C61: 1945.5318 | D61: 712.53991 | E61: 410 | F61: 2721.6449 | G61: 2755.1169 | I61: 974 | J61: =0.9*I61+50+1000+100+100+20 -> 2146.6 | K61: 1398 | L61: 450 | M61: =0.9*I61+50+1000 -> 1926.6
A62: 18年12月 | B62: 2700 | C62: 1900 | D62: 719.29174 | E62: 410 | F62: 2703.3366 | G62: 2670.9226 | I62: 967 | J62: =0.9*I62+50+1000+100+100+20 -> 2140.3 | K62: 1230.5 | L62: 500 | M62: =0.9*I62+50+1000 -> 1920.3
A63: 19年1月 | B63: 2614 | C63: 1700 | D63: 663.24197 | E63: 398.24 | F63: 2558 | G63: 2690 | I63: 917 | J63: =0.9*I63+50+1000+100+100+20 -> 2095.3 | K63: 1133.57 | L63: 470 | M63: =0.9*I63+50+1000 -> 1875.3
A64: 19年2月 | B64: 2625 | C64: 1650 | D64: 633.32865 | E64: 396.5 | F64: 2550 | G64: 2700 | I64: 917 | J64: =0.9*I64+50+1000+100+100+20 -> 2095.3 | K64: 1086 | L64: 470 | M64: =0.9*I64+50+1000 -> 1875.3
A65: 19年3月 | B65: 2520.3918 | C65: 1739.2984 | D65: 584 | E65: 386.98387 | F65: 2495.2929 | G65: 2626.2372 | I65: 903.67 | J65: =0.9*I65+50+1000+100+100+20 -> 2083.303 | K65: 1005.9 | L65: 420 | M65: =0.9*I65+50+1000 -> 1863.303
A66: 19年4月 | B66: 2512.1307 | C66: 1851.3551 | D66: 653 | E66: 378.5 | F66: 2442.4352 | G66: 2602.31 | I66: 886 | J66: =0.9*I66+50+1000+100+100+20 -> 2067.4 | K66: 997.73 | L66: 420 | M66: =0.9*I66+50+1000 -> 1847.4
... A73: 19年11月 | B73: 2103.8387 | C73: 1496.5959 | D73: 474 | E73: 300 | F73: 2075.5183 | G73: 2237.4018 | I73: 752.53 | J73: =0.9*I73+50+1000+100+100+20 -> 1947.277 | K73: 523.57143 | L73: 370 | M73: =0.9*I73+50+1000 -> 1727.277
A74: 19年12月 | B74: 2061.2315 | C74: 1483.6688 | D74: 439.41767 | E74: 295 | F74: 2012.205 | G74: 2175.195 | H74: 尿素分月产量 | I74: 752.5 | J74: =0.9*I74+50+1000+100+100+20 -> 1947.25 | K74: 539.09091 | L74: 370 | M74: =0.9*I74+50+1000 -> 1727.25
A75: 20年1月 | B75: 2085.8565 | C75: 1506.7176 | D75: 443.28659 | E75: 290 | F75: 1954.5006 | G75: 2137.388 | H75: 414.488 | I75: 752.33 | J75: =0.9*I75+50+1000+100+100+20 -> 1947.097 | K75: 596.5625 | L75: 370 | M75: =0.9*I75+50+1000 -> 1727.097
A76: 20年2月 | B76: 1986.9905 | C76: 1560.1 | D76: 435.89983 | E76: 292.5 | F76: 1952.4029 | G76: 2002.8042 | H76: 395.681 | I76: 772.33 | J76: =0.9*I76+50+1000+100+100+20 -> 1965.097 | K76: 611.13636 | L76: 370 | M76: =0.9*I76+50+1000 -> 1745.097
A77: 20年3月 | B77: 1986.9905 | C77: 1608.0939 | D77: 491.91477 | E77: 305 | F77: 1952.4029 | G77: 2044.8443 | H77: 511.598 | I77: 772.33 | J77: =0.9*I77+50+1000+100+100+20 -> 1965.097 | K77: 668.86364 | L77: 370 | M77: =0.9*I77+50+1000 -> 1745.097
A78: 20年4月 | B78: 2071.5497 | C78: 1480.4801 | D78: 555.84491 | E78: 307 | F78: 2034.9961 | G78: 2117.2382 | H78: 501.854 | I78: 732.33 | J78: =0.9*I78+50+1000+100+100+20 -> 1929.097 | K78: 598.40909 | L78: 338 | M78: =0.9*I78+50+1000 -> 1709.097
A79: 20年5月 | B79: 2060.8699 | C79: 1434.2835 | D79: 528.62887 | E79: 305 | F79: 2053.5827 | G79: 2096.1089 | H79: 511.441 | I79: 702.33 | J79: =0.9*I79+50+1000+100+100+20 -> 1902.097 | K79: 641.05263 | L79: 338 | M79: =0.9*I79+50+1000 -> 1682.097
A80: 20年6月 | B80: 2071.9194 | C80: 1452.8986 | D80: 527.80605 | E80: 307 | F80: 2065.4599 | G80: 2084.2188 | H80: 464.153 | I80: 755.67 | J80: =0.9*I80+50+1000+100+100+20 -> 1950.103 | K80: 661.19048 | L80: 338 | M80: =0.9*I80+50+1000 -> 1730.103
A81: 20年7月 | B81: 2098.8153 | C81: 1364.4159 | D81: 547.11342 | E81: 311 | F81: 2132.57 | G81: 2097.6155 | H81: 481.198 | I81: 755.67 | J81: =0.9*I81+50+1000+100+100+20 -> 1950.103 | K81: 630.86957 | L81: 338 | M81: =0.9*I81+50+1000 -> 1730.103
A82: 20年8月 | B82: 2082.682 | C82: 1503.5922 | D82: 516.45059 | E82: 325.23 | F82: 2046.1711 | G82: 2156.6458 | H82: 483.647 | I82: 692.66667 | J82: =0.9*I82+50+1000+100+100+20 -> 1893.4 | K82: 651.90476 | L82: 338 | M82: =0.9*I82+50+1000 -> 1673.4
A83: 20年9月 | B83: 2176.0454 | C83: 1465.5534 | D83: 510.06771 | E83: 348.1 | F83: 2144.4461 | G83: 2216.0227 | H83: 485.891 | I83: 692.66667 | J83: =0.9*I83+50+1000+100+100+20 -> 1893.4 | K83: 702.17391 | L83: 328 | M83: =0.9*I83+50+1000 -> 1673.4
A84: 20年10月 | B84: 2238.3727 | C84: 1453.6145 | D84: 489.72813 | E84: 357.98 | F84: 2224.473 | G84: 2255.9537 | H84: 494.126 | I84: 769.33333 | J84: =0.9*I84+50+1000+100+100+20 -> 1962.4 | K84: 746.17647 | L84: 328 | M84: =0.9*I84+50+1000 -> 1742.4
A85: 20年11月 | B85: 2273.7149 | C85: 1549.2174 | D85: 505.37604 | E85: 360.28 | F85: 2232.6306 | G85: 2315.9149 | H85: 453.793 | I85: 823 | J85: =0.9*I85+50+1000+100+100+20 -> 2010.7 | K85: 806.36364 | L85: 358 | M85: =0.9*I85+50+1000 -> 1790.7
A86: 20年12月 | B86: 2310.9231 | C86: 1623.0477 | D86: 513.92602 | E86: 367.65 | F86: 2257.7175 | G86: 2340.7337 | H86: 403.958 | I86: 902.66667 | J86: =0.9*I86+50+1000+100+100+20 -> 2082.4 | K86: 910 | L86: 358 | M86: =0.9*I86+50+1000 -> 1862.4
A87: 21年1月 | B87: 2365.1228 | C87: 1594.4444 | D87: 526.97454 | E87: 410.96774 | F87: 2307.1558 | G87: 2383.9355 | H87: 383.509 | I87: 1003 | J87: =0.9*I87+50+1000+100+100+20 -> 2172.7 | K87: =[1]硫磺价格对比!$B$116 -> 1092.75 | L87: 358 | M87: =0.9*I87+50+1000 -> 1952.7
A88: 21年2月 | B88: 2471.1848 | C88: 1928.0937 | D88: 536.256 | E88: 499.80357 | F88: 2547.7432 | G88: 2400.598 | H88: 443.515 | I88: 1003 | J88: =0.9*I88+50+1000+100+100+20 -> 2172.7 | K88: 1438.2353 | L88: 358 | M88: =0.9*I88+50+1000 -> 1952.7
A89: 21年3月 | B89: 2727.3676 | C89: 1878.2058 | D89: 702.89528 | E89: 556.80645 | F89: 2644.853 | G89: 2449.5232 | H89: 509.38 | I89: 859 | J89: =0.9*I89+50+1000+100+100+20 -> 2043.1 | K89: 1349.5652 | L89: 358 | M89: =0.9*I89+50+1000 -> 1823.1
A90: 21年4月 | B90: 3293.7439 | C90: 1879.0732 | D90: 725.15041 | E90: 538.83333 | F90: 3389.3324 | G90: 2783.3527 | H90: 487.064 | I90: 956 | J90: =0.9*I90+50+1000+100+100+20 -> 2130.4 | K90: 1420 | L90: 408 | M90: =0.9*I90+50+1000 -> 1910.4
A91: 21年5月 | B91: 3225.7658 | C91: 1992.8753 | D91: 667.45909 | E91: 537.43548 | F91: 3318.109 | G91: 3012.732 | H91: 519.509 | I91: 1125 | J91: =0.9*I91+50+1000+100+100+20 -> 2282.5 | K91: 1554.4737 | L91: 458 | M91: =0.9*I91+50+1000 -> 2062.5
A92: 21年6月 | B92: 3262.175 | C92: 2477.2431 | D92: 705.82473 | E92: 557.78333 | F92: 3308.9028 | G92: 3033.092 | H92: 493.714 | I92: 1125 | J92: =0.9*I92+50+1000+100+100+20 -> 2282.5 | K92: 1597.8571 | L92: 488 | M92: =0.9*I92+50+1000 -> 2062.5
A93: 21年7月 | B93: 3373.0201 | C93: 2582.1778 | D93: 883.015 | E93: 570.20968 | F93: 3419.9441 | G93: 3241.8829 | H93: 483.382 | I93: 1203 | J93: =0.9*I93+50+1000+100+100+20 -> 2352.7 | K93: 1584.3182 | L93: 508 | M93: =0.9*I93+50+1000 -> 2132.7
A94: 21年8月 | B94: 3508.2873 | C94: 2450.5476 | D94: 1114.9184 | E94: 615 | F94: 3534.4181 | G94: 3434.0864 | I94: 1388 | J94: =0.9*I94+50+1000+100+100+20 -> 2519.2 | K94: 1774.0909 | L94: 558 | M94: =0.9*I94+50+1000 -> 2299.2
A95: 21年9月 | B95: 3780.2887 | C95: 2308.9049 | D95: 994.14144 | E95: 632 | F95: 3888.3719 | G95: 3531.3683 | I95: 1588 | J95: =0.9*I95+50+1000+100+100+20 -> 2699.2 | K95: 1908.4091 | L95: 608 | M95: =0.9*I95+50+1000 -> 2479.2
A96: 21年10月 | B96: 3742.6374 | C96: 2625.8864 | D96: 1042.6098 | E96: 635 | F96: 4002.0884 | G96: 3503.8695 | I96: 2309 | J96: =0.9*I96+50+1000+100+100+20 -> 3348.1 | K96: 1937.0588 | L96: 608 | M96: =0.9*I96+50+1000 -> 3128.1
A97: 21年11月 | B97: 3536.1539 | C97: 2384.4093 | D97: 1162.3412 | E97: 736 | F97: 4044.5931 | G97: 3477.1663 | I97: 1489 | J97: =0.9*I97+50+1000+100+100+20 -> 2610.1 | K97: 2001.8182 | L97: 608 | M97: =0.9*I97+50+1000 -> 2390.1
A98: 21年12月 | B98: 3536.0994 | C98: 2232.9946 | D98: 1015.9639 | E98: 875 | F98: 3906.5874 | G98: 3462.2903 | I98: 1416 | J98: =0.9*I98+50+1000+100+100+20 -> 2544.4 | K98: 2313.0435 | L98: 608 | M98: =0.9*I98+50+1000 -> 2324.4
A99: 22年1月 | B99: 3635.9425 | E99: 885 | F99: 3937.641 | G99: 3450.7939 | I99: =[2]原料煤!$AF$10 -> 1564.7616 | J99: =0.9*I99+50+1000+100+100+20 -> 2678.2854 | K99: 2461.25 | L99: 608 | M99: =0.9*I99+50+1000 -> 2458.2854
A100: 22年2月 | B100: 3566.1321 | E100: 891.38 | F100: 3890.1799 | G100: 3461.5953 | I100: =[3]原料煤!$AF$10 -> 1707.3545 | J100: =0.9*I100+50+1000+100+100+20 -> 2806.6191 | K100: 2569.3333 | L100: 608 | M100: =0.9*I100+50+1000 -> 2586.6191
A101: 22年3月 | B101: 4271.2606 | E101: 916.4 | F101: 5398.3328 | G101: 3464.5018 | I101: =[4]原料煤!$AF$10 -> 1531.4466 | J101: =0.9*I101+50+1000+100+100+20 -> 2648.3019 | K101: 3236 | L101: 608 | M101: =0.9*I101+50+1000 -> 2428.3019
A102: 22年4月 | B102: 4362 | E102: 950 | F102: 6596 | G102: 3525 | I102: =[5]原料煤!$AF$10 -> 1631.9322 | J102: =0.9*I102+50+1000+100+100+20 -> 2738.739 | K102: =[6]硫磺价格对比!$H$153 -> 3510.4762 | L102: 645.6 | M102: =0.9*I102+50+1000 -> 2518.739
A103: 22年5月 | B103: 5029 | E103: 1059 | F103: 6771 | G103: 3747 | I103: =[7]原料煤!$AF$10 -> 1574.0976 | J103: =0.9*I103+50+1000+100+100+20 -> 2686.6878 | K103: =[6]硫磺价格对比!$J$153 -> 4034 | L103: 745.6 | M103: =0.9*I103+50+1000 -> 2466.6878
A104: 22年6月 | B104: 5280 | E104: 1003 | F104: 7152 | G104: 4185 | I104: =[8]原料煤!$AF$10 -> 1554.3867 | J104: =0.9*I104+50+1000+100+100+20 -> 2668.9481 | K104: =[6]硫磺价格对比!$L$153 -> 3538.0952 | L104: 858 | M104: =0.9*I104+50+1000 -> 2448.9481
A105: 22年7月 | B105: 5705 | F105: 6093 | G105: 3932 | I105: 1491 | K105: 1864.2857 | L105: 958
A106: 22年8月 | B106: 5154 | F106: 5812 | G106: 3300 | I106: 1443 | K106: 1056.5217 | L106: 958
A107: 22年9月 | L107: 958
A108: 22年10月
A109: 22年11月
A110: 22年12月

Sheet 走势图
A1: 日期 | B1: 14年1月 | C1: 14年2月 | D1: 14年3月 | E1: 14年4月 | F1: 14年5月 | G1: 14年6月 | H1: 14年7月 | I1: 14年8月 | J1: 14年9月 | K1: 14年10月 | L1: 14年11月 | M1: 14年12月 | N1: 15年1月 | O1: 15年2月 | P1: 15年3月 | Q1: 15年4月 | R1: 15年5月 | S1: 15年6月 | T1: 15年7月 | U1: 15年8月 | V1: 15年9月 | W1: 15年10月 | X1: 15年11月 | Y1: 15年12月 | Z1: 16年1月 | AA1: 16年2月 | AB1: 16年3月 | AC1: 16年4月 | AD1: 16年5月 | AE1: 16年6月 | AF1: 16年7月 | AG1: 16年8月 | AH1: 16年9月 | AI1: 16年10月 | AJ1: 16年11月 | AK1: 16年12月 | AL1: 17年1月 | AM1: 17年2月 | AN1: 17年3月 | AO1: 17年4月 | AP1: 17年5月 | AQ1: 17年6月 | AR1: 17年7月 | AS1: 17年8月 | AT1: 17年9月 | AU1: 17年10月 | AV1: 17年11月 | AW1: 17年12月 | AX1: 18年1月 | AY1: 18年2月 | AZ1: 18年3月 | BA1: 18年4月 | BB1: 18年5月 | BC1: 18年6月 | BD1: 18年7月 | BE1: 18年8月 | BF1: 18年9月 | BG1: 18年10月 | BH1: 18年11月 | BI1: 18年12月 | BJ1: 19年1月 | BK1: 19年2月 | BL1: 19年3月 | BM1: 19年4月 | BN1: 19年5月 | BO1: 19年6月 | BP1: 19年7月 | BQ1: 19年8月 | BR1: 19年9月 | BS1: 19年10月 | BT1: 19年11月 | BU1: 19年12月 | BV1: 20年1月 | BW1: 20年2月 | BX1: 20年3月 | BY1: 20年4月 | BZ1: 20年5月 | CA1: 20年6月 | CB1: 20年7月 | CC1: 20年8月 | CD1: 20年9月 | CE1: 20年10月 | CF1: 20年11月 | CG1: 20年12月 | CH1: 21年1月 | CI1: 21年2月 | CJ1: 21年3月 | CK1: 21年4月 | CL1: 21年5月 | CM1: 21年6月 | CN1: 21年7月 | CO1: 21年8月 | CP1: 21年9月 | CQ1: 21年10月 | CR1: 21年11月 | CS1: 21年12月 | CT1: 22年1月 | CU1: 22年2月 | CV1: 22年3月 | CW1: 22年4月 | CX1: 22年5月 | CY1: 22年6月 | CZ1: 22年7月 | DF1: 价格预测 | DL1: 下半年价格
A2: 二铵 | B2: 2214.8425 | C2: 2336.528 | D2: 2486.7356 | E2: 2463.6406 | F2: 2421.1606 | G2: 2389.9844 | H2: 2517.102 | I2: 2610.325 | J2: 2740.5815 | K2: 2534.1563 | L2: 2670.6606 | M2: 2577.8185 | N2: 2589.444 | O2: 2675.0397 | P2: 2661.9709 | Q2: 2677.4974 | R2: 2720.9215 | S2: 2716.1916 | T2: 2717.9307 | U2: 2742.6795 | V2: 2730.5512 | W2: 2667.0278 | X2: 2482.1079 | Y2: 2479.7249 | Z2: 2369.1368 | AA2: 2389.9206 | AB2: 2353.8078 | AC2: 2228.7594 | AD2: 2057.6541 | AE2: 2037.7391 | AF2: 2060.6494 | AG2: 2102.8897 | AH2: 2033.4587 | AI2: 1899.7562 | AJ2: 1955.911 | AK2: 1983.9083 | AL2: 2134.8937 | AM2: 2300.4024 | AN2: 2353.5189 | AO2: 2376.9914 | AP2: 2370.111 | AQ2: 2285.1173 | AR2: 2235.389 | AS2: 2225.4675 | AT2: 2229.8995 | AU2: 2235.7325 | AV2: 2329.2131 | AW2: 2470.3062 | AX2: 2501.2773 | AY2: 2526.6649 | AZ2: 2597.1353 | BA2: 2548.6285 | BB2: 2565.6194 | BC2: 2575.9278 | BD2: 2678.8684 | BE2: 2733.1973 | BF2: 2745.262 | BG2: 2742.6343 | BH2: 2700 | BI2: 2700 | BJ2: 2614 | BK2: 2625 | BL2: 2520.3918 | BM2: 2512.1307 | BN2: 2429.0092 | BO2: 2407.3258 | BP2: 2214.2749 | BQ2: 2214.1737 | BR2: 2187.0372 | BS2: 2139.2073 | BT2: 2103.8387 | BU2: 2061.2315 | BV2: 2085.8565 | BW2: 1986.9905 | BX2: 1986.9905 | BY2: 2071.5497 | BZ2: 2060.8699 | CA2: 2071.9194 | CB2: 2098.8153 | CC2: 2082.682 | CD2: 2176.0454 | CE2: 2238.3727 | CF2: 2273.7149 | CG2: 2310.9231 | CH2: 2365.1228 | CI2: 2471.1848 | CJ2: 2727.3676 | CK2: 3293.7439 | CL2: 3225.7658 | CM2: 3262.175 | CN2: 3373.0201 | CO2: 3508.2873 | CP2: 3780.2887 | CQ2: 3742.6374 | CR2: 3536.1539 | CS2: 3536.0994 | CT2: 3635.9425 | CU2: 3566.1321 | CV2: 4271.2606 | CW2: 4362 | CX2: 5029 | CY2: 5280 | CZ2: 5074.3294 | DL2: =(5900*22+4000*63)/85 -> 4491.7647 | DM2: =(5900*22+4000*63)/85 -> 4491.7647 | DN2: =(5900*22+4000*63)/85 -> 4491.7647 | DO2: =AVERAGE(B2:CZ2) -> 2621.1003 | DP2: =MAX(B2:CZ2) -> 5280 | DQ2: =MIN(B2:CZ2) -> 1899.7562
A3: 二铵 | CZ3: 5074.3294 | DA3: 4400 | DB3: 4400 | DC3: 4400 | DD3: 4400 | DE3: 4400 | DF3: 4400 | DG3: 4400 | DH3: 4400 | DI3: 4400 | DJ3: 4400 | DK3: 4400
A4: 长江港硫磺现货价 | B4: 1327 | C4: 1491 | D4: 1408 | E4: 1104 | F4: 1307 | G4: 1315 | H4: 1361 | I4: 1291 | J4: 1197 | K4: 1024 | L4: 1145 | M4: 1314 | N4: 1372 | O4: 1354 | P4: 1370 | Q4: 1171 | R4: 1168 | S4: 1250 | T4: 1268 | U4: 1201 | V4: 1063 | W4: 1048 | X4: 1140 | Y4: 1080 | Z4: 945 | AA4: 841 | AB4: 760 | AC4: 767 | AD4: 753 | AE4: 711 | AF4: 669 | AG4: 689 | AH4: 729 | AI4: 763 | AJ4: 870 | AK4: 897 | AL4: 887 | AM4: 907 | AN4: 893 | AO4: 803 | AP4: 813 | AQ4: 837 | AR4: 902 | AS4: 983 | AT4: 1045 | AU4: 1386 | AV4: 1602 | AW4: 1301 | AX4: 1184 | AY4: 1199 | AZ4: 1117 | BA4: 1059 | BB4: 1127 | BC4: 1148 | BD4: 1193 | BE4: 1328 | BF4: 1487 | BG4: 1459 | BH4: 1398 | BI4: 1230.5 | BJ4: 1133.57 | BK4: 1086 | BL4: 1005.9 | BM4: 997.73 | BN4: 972.85714 | BO4: 963.68421 | BP4: 841.08696 | BQ4: 752.27273 | BR4: 642.6 | BS4: 602.36842 | BT4: 523.57143 | BU4: 539.09091 | BV4: 596.5625 | BW4: 611.13636 | BX4: 668.86364 | BY4: 598.40909 | BZ4: 641.05263 | CA4: 661.19048 | CB4: 630.86957 | CC4: 651.90476 | CD4: 702.17391 | CE4: 746.17647 | CF4: 806.36364 | CG4: 920.47619 | CH4: 1092.75 | CI4: 1438.2353 | CJ4: 1349.5652 | CK4: 1420 | CL4: 1554.4737 | CM4: 1597.8571 | CN4: 1584.3182 | CO4: 1774.0909 | CP4: 1908.4091 | CQ4: 1937.0588 | CR4: 2001.8182 | CS4: 2313.0435 | CT4: 2461.25 | CU4: 2569.3333 | CV4: 3236 | CW4: 3510.4762 | CX4: 4034 | CY4: 3538.0952 | CZ4: 2000 | DO4: =AVERAGE(B4:CZ4) -> 1223.963 | DP4: =MAX(B4:CZ4) -> 4034 | DQ4: =MIN(B4:CZ4) -> 523.57143
A5: 长江港硫磺现货价 | CZ5: 2000 | DA5: 1900 | DB5: 1900 | DC5: 1900 | DD5: 1900 | DE5: 1900 | DF5: 1900 | DG5: 1900 | DH5: 1900 | DI5: 1900 | DJ5: 1900 | DK5: 1900 | DL5: =DL2/DO7 -> 1897.1288 | DM5: =DM2/DP7 -> 1117.8422 | DN5: =DN2/DQ7 -> 3614.909
A6: 长江港硫磺现货价 | CZ6: 2000 | DA6: 1200 | DB6: 1200 | DC6: 1200 | DD6: 1200 | DE6: 1200 | DF6: 1200 | DG6: 1200 | DH6: 1200 | DI6: 1200 | DJ6: 1200 | DK6: 1200
A7: 二铵/硫磺 | B7: =B2/B4 -> 1.6690599 | C7: =C2/C4 -> 1.5670879 | D7: =D2/D4 -> 1.7661475 | E7: =E2/E4 -> 2.2315586 | F7: =F2/F4 -> 1.8524565 | G7: =G2/G4 -> 1.8174786 | H7: =H2/H4 -> 1.8494504 | I7: =I2/I4 -> 2.0219403 | ... CZ7: =CZ2/CZ4 -> 2.5371647 | DL7: =DL2/DL5 -> 2.3676646 | DM7: =DM2/DM5 -> 4.0182459 | DN7: =DN2/DN5 -> 1.2425665 | DO7: =AVERAGE(B7:CZ7) -> 2.3676646 | DP7: =MAX(B7:CZ7) -> 4.0182459 | DQ7: =MIN(B7:CZ7) -> 1.2425665
A8: 二铵 | B8: 2214.8425 | C8: 2336.528 | D8: 2486.7356 | E8: 2463.6406 | F8: 2421.1606 | G8: 2389.9844 | H8: 2517.102 | I8: 2610.325 | J8: 2740.5815 | K8: 2534.1563 | L8: 2670.6606 | M8: 2577.8185 | N8: 2589.444 | O8: 2675.0397 | P8: 2661.9709 | Q8: 2677.4974 | R8: 2720.9215 | S8: 2716.1916 | T8: 2717.9307 | U8: 2742.6795 | V8: 2730.5512 | W8: 2667.0278 | X8: 2482.1079 | Y8: 2479.7249 | Z8: 2369.1368 | AA8: 2389.9206 | AB8: 2353.8078 | AC8: 2228.7594 | AD8: 2057.6541 | AE8: 2037.7391 | AF8: 2060.6494 | AG8: 2102.8897 | AH8: 2033.4587 | AI8: 1899.7562 | AJ8: 1955.911 | AK8: 1983.9083 | AL8: 2134.8937 | AM8: 2300.4024 | AN8: 2353.5189 | AO8: 2376.9914 | AP8: 2370.111 | AQ8: 2285.1173 | AR8: 2235.389 | AS8: 2225.4675 | AT8: 2229.8995 | AU8: 2235.7325 | AV8: 2329.2131 | AW8: 2470.3062 | AX8: 2501.2773 | AY8: 2526.6649 | AZ8: 2597.1353 | BA8: 2548.6285 | BB8: 2565.6194 | BC8: 2575.9278 | BD8: 2678.8684 | BE8: 2733.1973 | BF8: 2745.262 | BG8: 2742.6343 | BH8: 2700 | BI8: 2700 | BJ8: 2614 | BK8: 2625 | BL8: 2520.3918 | BM8: 2512.1307 | BN8: 2429.0092 | BO8: 2407.3258 | BP8: 2214.2749 | BQ8: 2214.1737 | BR8: 2187.0372 | BS8: 2139.2073 | BT8: 2103.8387 | BU8: 2061.2315 | BV8: 2085.8565 | BW8: 1986.9905 | BX8: 1986.9905 | BY8: 2071.5497 | BZ8: 2060.8699 | CA8: 2071.9194 | CB8: 2098.8153 | CC8: 2082.682 | CD8: 2176.0454 | CE8: 2238.3727 | CF8: 2273.7149 | CG8: 2310.9231 | CH8: 2365.1228 | CI8: 2471.1848 | CJ8: 2727.3676 | CK8: 3293.7439 | CL8: 3225.7658 | CM8: 3262.175 | CN8: 3373.0201 | CO8: 3508.2873 | CP8: 3780.2887 | CQ8: 3742.6374 | CR8: 3536.1539 | CS8: 3536.0994 | CT8: 3635.9425 | CU8: 3566.1321 | CV8: 4271.2606 | CW8: 4362 | CX8: 5029 | CY8: 5280 | CZ8: =(5900*22+4786*63)/85 -> 5074.3294 | DA8: 4400 | DB8: 4400 | DC8: 4400 | DD8: 4400 | DE8: 4400 | DF8: 4400 | DG8: 4400 | DH8: 4400 | DI8: 4400 | DJ8: 4400 | DK8: 4400 | DL8: =DL2 -> 4491.7647 | DM8: =DM2 -> 4491.7647 | DN8: =DN2 -> 4491.7647 | DO8: =AVERAGE(B8:CZ8) -> 2621.1003 | DP8: =MAX(B8:CZ8) -> 5280 | DQ8: =MIN(B8:CZ8) -> 1899.7562
A9: 股份27%磷矿 | B9: 400 | C9: 400 | D9: 400 | E9: 380 | F9: 380 | G9: 380 | H9: 380 | I9: 380 | J9: 380 | K9: 380 | L9: 380 | M9: 380 | N9: 390 | O9: 390 | P9: 380 | Q9: 380 | R9: 380 | S9: 380 | T9: 380 | U9: 370 | V9: 370 | W9: 370 | X9: 370 | Y9: 370 | Z9: 350 | AA9: 350 | AB9: 350 | AC9: 350 | AD9: 350 | AE9: 350 | AF9: 350 | AG9: 340 | AH9: 340 | AI9: 340 | AJ9: 340 | AK9: 340 | AL9: 340 | AM9: 355 | AN9: 355 | AO9: 355 | AP9: 355 | AQ9: 355 | AR9: 355 | AS9: 355 | AT9: 355 | AU9: 355 | AV9: 355 | AW9: 430 | AX9: 430 | AY9: 430 | AZ9: 430 | BA9: 430 | BB9: 430 | BC9: 430 | BD9: 430 | BE9: 430 | BF9: 430 | BG9: 430 | BH9: 450 | BI9: 500 | BJ9: 470 | BK9: 470 | BL9: 420 | BM9: 420 | BN9: 420 | BO9: 420 | BP9: 400 | BQ9: 400 | BR9: 380 | BS9: 380 | BT9: 370 | BU9: 370 | BV9: 370 | BW9: 370 | BX9: 370 | BY9: 338 | BZ9: 338 | CA9: 338 | CB9: 338 | CC9: 338 | CD9: 328 | CE9: 328 | CF9: 358 | CG9: 358 | CH9: 358 | CI9: 358 | CJ9: 358 | CK9: 408 | CL9: 458 | CM9: 488 | CN9: 508 | CO9: 558 | CP9: 608 | CQ9: 608 | CR9: 608 | CS9: 608 | CT9: 608 | CU9: 608 | CV9: 608 | CW9: 645.6 | CX9: 745.6 | CY9: 858 | CZ9: 958 | DL9: =DL8/DO12 -> 711.34298 | DM9: =DL8/DP12 -> 556.40027 | DN9: =DL8/DQ12 -> 848.01562 | DO9: =AVERAGE(B9:CZ9) -> 416.69126 | DP9: =MAX(B9:CZ9) -> 958 | DQ9: =MIN(B9:CZ9) -> 328
A10: 股份27%磷矿 | CZ10: 958 | DA10: 650 | DB10: 650 | DC10: 650 | DD10: 650 | DE10: 650 | DF10: 650 | DG10: 650 | DH10: 650 | DI10: 650 | DJ10: 650 | DK10: 650
A11: 股份27%磷矿 | CZ11: 958 | DA11: 850 | DB11: 850 | DC11: 850 | DD11: 850 | DE11: 850 | DF11: 850 | DG11: 850 | DH11: 850 | DI11: 850 | DJ11: 850 | DK11: 850
A12: 二铵/磷矿 | B12: =B8/B9 -> 5.5371063 | C12: =C8/C9 -> 5.8413201 | D12: =D8/D9 -> 6.216839 | E12: =E8/E9 -> 6.4832649 | F12: =F8/F9 -> 6.3714752 | G12: =G8/G9 -> 6.2894327 | H12: =H8/H9 -> 6.6239527 | I12: =I8/I9 -> 6.8692762 | ... CZ12: =CZ8/CZ9 -> 5.2967948 | DL12: =DL8/DL9 -> 6.3144852 | DM12: =DM8/DM9 -> 8.0729017 | DN12: =DN8/DN9 -> 5.2967948 | DO12: =AVERAGE(B12:CZ12) -> 6.3144852 | DP12: =MAX(B12:CZ12) -> 8.0729017 | DQ12: =MIN(B12:CZ12) -> 5.2967948
DL13: 4、紧盯历史价格规律： 二铵、硫磺、磷矿石14-22年历史价格 （1）二铵均价2621、最高价5280（22年6月）、最低价1900（16年10月）。 （2）硫磺港口现货均价1224、最高价4034（22年5月）、最低价524（19年11月）。 （3）27%磷矿石均价417、最高价958（22年7月）、最低价328（20年9、10月）。 二铵与硫磺、磷矿14-22年历史价格比值 （1）二铵与硫磺价格平均比值2.368，最高比值4.018（19年11月）、最低比值1.243（22年4月）。 （2）二铵与磷矿价格平均比值6.314，最高比值8.073（19年11月）、最低比值5.297（22年7月）。 按二铵下半年预测均价4492，参照二铵与硫磺、磷矿历史价格比值对硫磺及磷矿石下半年均价测算： （1）硫磺：按平均比值测算为1897、按最高比值测算为1118、按最低比值测算为3615。 （2）27%磷矿石：按平均比值测算为711、按最高比值测算为556、按最低比值测算为836。 故对比当前硫磺、磷矿价格： （1）硫磺当前价2000，下半年达到平均比值需降价103，达到最高比值需降价882。 （2）27%磷矿石当前价958，下半年达到平均比值需降价247，达到最高比值需降价401。
A30: =DL13 -> 4、紧盯历史价格规律： 二铵、硫磺、磷矿石14-22年历史价格 （1）二铵均价2621、最高价5280（22年6月）、最低价1900（16年10月）。 （2）硫磺港口现货均价1224、最高价4034（22年5月）、最低价524（19年11月）。 （3）27%磷矿石均价417、最高价958（22年7月）、最低价328（20年9、10月）。 二铵与硫磺、磷矿14-22年历史价格比值 （1）二铵与硫磺价格平均比值2.368，最高比值4.018（19年11月）、最低比值1.243（22年4月）。 （2）二铵与磷矿价格平均比值6.314，最高比值8.073（19年11月）、最低比值5.297（22年7月）。 按二铵下半年预测均价4492，参照二铵与硫磺、磷矿历史价格比值对硫磺及磷矿石下半年均价测算： （1）硫磺：按平均比值测算为1897、按最高比值测算为1118、按最低比值测算为3615。 （2）27%磷矿石：按平均比值测算为711、按最高比值测算为556、按最低比值测算为836。 故对比当前硫磺、磷矿价格： （1）硫磺当前价2000，下半年达到平均比值需降价103，达到最高比值需降价882。 （2）27%磷矿石当前价958，下半年达到平均比值需降价247，达到最高比值需降价401。

Sheet 打印1张
A1: 日期 | B1: 18年1月 | C1: 18年2月 | D1: 18年3月 | E1: 18年4月 | F1: 18年5月 | G1: 18年6月 | H1: 18年7月 | I1: 18年8月 | J1: 18年9月 | K1: 18年10月 | L1: 18年11月 | M1: 18年12月 | N1: 19年1月 | O1: 19年2月 | P1: 19年3月 | Q1: 19年4月 | R1: 19年5月 | S1: 19年6月 | T1: 19年7月 | U1: 19年8月 | V1: 19年9月 | W1: 19年10月 | X1: 19年11月 | Y1: 19年12月 | Z1: 20年1月 | AA1: 20年2月 | AB1: 20年3月 | AC1: 20年4月 | AD1: 20年5月 | AE1: 20年6月 | AF1: 20年7月 | AG1: 20年8月 | AH1: 20年9月 | AI1: 20年10月 | AJ1: 20年11月 | AK1: 20年12月 | AL1: 21年1月 | AM1: 21年2月 | AN1: 21年3月 | AO1: 21年4月 | AP1: 21年5月 | AQ1: 21年6月 | AR1: 21年7月 | AS1: 21年8月 | AT1: 21年9月 | AU1: 21年10月 | AV1: 21年11月 | AW1: 21年12月 | AX1: 22年1月 | AY1: 22年2月 | AZ1: 22年3月 | BA1: 22年4月 | BB1: 22年5月 | BC1: 22年6月 | BD1: 22年7月 | BE1: 22年8月
A2: 二铵 | B2: =#REF! -> #REF! | C2: =#REF! -> #REF! | D2: =#REF! -> #REF! | E2: =#REF! -> #REF! | F2: =#REF! -> #REF! | G2: =#REF! -> #REF! | H2: =#REF! -> #REF! | I2: =#REF! -> #REF! | ... BE2: =#REF! -> #REF!
A3: 长江港硫磺现货 | B3: =#REF! -> #REF! | C3: =#REF! -> #REF! | D3: =#REF! -> #REF! | E3: =#REF! -> #REF! | F3: =#REF! -> #REF! | G3: =#REF! -> #REF! | H3: =#REF! -> #REF! | I3: =#REF! -> #REF! | ... BE3: =#REF! -> #REF!
A4: 股份27%磷矿 | B4: =#REF! -> #REF! | C4: =#REF! -> #REF! | D4: =#REF! -> #REF! | E4: =#REF! -> #REF! | F4: =#REF! -> #REF! | G4: =#REF! -> #REF! | H4: =#REF! -> #REF! | I4: =#REF! -> #REF! | ... BE4: =#REF! -> #REF!
A5: 北方煤（兰花） | B5: =#REF! -> #REF! | C5: =#REF! -> #REF! | D5: =#REF! -> #REF! | E5: =#REF! -> #REF! | F5: =#REF! -> #REF! | G5: =#REF! -> #REF! | H5: =#REF! -> #REF! | I5: =#REF! -> #REF! | ... BE5: =#REF! -> #REF!

Sheet Sheet2
A1: 日期 | B1: 14年1月 | C1: 14年2月 | D1: 14年3月 | E1: 14年4月 | F1: 14年5月 | G1: 14年6月 | H1: 14年7月 | I1: 14年8月 | J1: 14年9月 | K1: 14年10月 | L1: 14年11月 | M1: 14年12月 | N1: 15年1月 | O1: 15年2月 | P1: 15年3月 | Q1: 15年4月 | R1: 15年5月 | S1: 15年6月 | T1: 15年7月 | U1: 15年8月 | V1: 15年9月 | W1: 15年10月 | X1: 15年11月 | Y1: 15年12月 | Z1: 16年1月 | AA1: 16年2月 | AB1: 16年3月 | AC1: 16年4月 | AD1: 16年5月 | AE1: 16年6月 | AF1: 16年7月 | AG1: 16年8月 | AH1: 16年9月 | AI1: 16年10月 | AJ1: 16年11月 | AK1: 16年12月 | AL1: 17年1月 | AM1: 17年2月 | AN1: 17年3月 | AO1: 17年4月 | AP1: 17年5月 | AQ1: 17年6月 | AR1: 17年7月 | AS1: 17年8月 | AT1: 17年9月 | AU1: 17年10月 | AV1: 17年11月 | AW1: 17年12月 | AX1: 18年1月 | AY1: 18年2月 | AZ1: 18年3月 | BA1: 18年4月 | BB1: 18年5月 | BC1: 18年6月 | BD1: 18年7月 | BE1: 18年8月 | BF1: 18年9月 | BG1: 18年10月 | BH1: 18年11月 | BI1: 18年12月 | BJ1: 19年1月 | BK1: 19年2月 | BL1: 19年3月 | BM1: 19年4月 | BN1: 19年5月 | BO1: 19年6月 | BP1: 19年7月 | BQ1: 19年8月 | BR1: 19年9月 | BS1: 19年10月 | BT1: 19年11月 | BU1: 19年12月 | BV1: 20年1月 | BW1: 20年2月 | BX1: 20年3月 | BY1: 20年4月 | BZ1: 20年5月 | CA1: 20年6月 | CB1: 20年7月 | CC1: 20年8月 | CD1: 20年9月 | CE1: 20年10月 | CF1: 20年11月 | CG1: 20年12月 | CH1: 21年1月 | CI1: 21年2月 | CJ1: 21年3月 | CK1: 21年4月 | CL1: 21年5月 | CM1: 21年6月 | CN1: 21年7月 | CO1: 21年8月 | CP1: 21年9月 | CQ1: 21年10月 | CR1: 21年11月 | CS1: 21年12月 | CT1: 22年1月 | CU1: 22年2月 | CV1: 22年3月 | CW1: 22年4月 | CX1: 22年5月 | CY1: 22年6月 | DF1: =MIN(B1:CZ1) -> 0
A2: 二铵 | B2: 2214.8425 | C2: 2336.528 | D2: 2486.7356 | E2: 2463.6406 | F2: 2421.1606 | G2: 2389.9844 | H2: 2517.102 | I2: 2610.325 | J2: 2740.5815 | K2: 2534.1563 | L2: 2670.6606 | M2: 2577.8185 | N2: 2589.444 | O2: 2675.0397 | P2: 2661.9709 | Q2: 2677.4974 | R2: 2720.9215 | S2: 2716.1916 | T2: 2717.9307 | U2: 2742.6795 | V2: 2730.5512 | W2: 2667.0278 | X2: 2482.1079 | Y2: 2479.7249 | Z2: 2369.1368 | AA2: 2389.9206 | AB2: 2353.8078 | AC2: 2228.7594 | AD2: 2057.6541 | AE2: 2037.7391 | AF2: 2060.6494 | AG2: 2102.8897 | AH2: 2033.4587 | AI2: 1899.7562 | AJ2: 1955.911 | AK2: 1983.9083 | AL2: 2134.8937 | AM2: 2300.4024 | AN2: 2353.5189 | AO2: 2376.9914 | AP2: 2370.111 | AQ2: 2285.1173 | AR2: 2235.389 | AS2: 2225.4675 | AT2: 2229.8995 | AU2: 2235.7325 | AV2: 2329.2131 | AW2: 2470.3062 | AX2: 2501.2773 | AY2: 2526.6649 | AZ2: 2597.1353 | BA2: 2548.6285 | BB2: 2565.6194 | BC2: 2575.9278 | BD2: 2678.8684 | BE2: 2733.1973 | BF2: 2745.262 | BG2: 2742.6343 | BH2: 2700 | BI2: 2700 | BJ2: 2614 | BK2: 2625 | BL2: 2520.3918 | BM2: 2512.1307 | BN2: 2429.0092 | BO2: 2407.3258 | BP2: 2214.2749 | BQ2: 2214.1737 | BR2: 2187.0372 | BS2: 2139.2073 | BT2: 2103.8387 | BU2: 2061.2315 | BV2: 2085.8565 | BW2: 1986.9905 | BX2: 1986.9905 | BY2: 2071.5497 | BZ2: 2060.8699 | CA2: 2071.9194 | CB2: 2098.8153 | CC2: 2082.682 | CD2: 2176.0454 | CE2: 2238.3727 | CF2: 2273.7149 | CG2: 2310.9231 | CH2: 2365.1228 | CI2: 2471.1848 | CJ2: 2727.3676 | CK2: 3293.7439 | CL2: 3225.7658 | CM2: 3262.175 | CN2: 3373.0201 | CO2: 3508.2873 | CP2: 3780.2887 | CQ2: 3742.6374 | CR2: 3536.1539 | CS2: 3536.0994 | CT2: 3635.9425 | CU2: 3566.1321 | CV2: 4271.2606 | CW2: 4362 | CX2: 5029 | CY2: 5280 | DD2: =AVERAGE(B2:CZ2) -> 2597.0491 | DE2: =MAX(B2:CZ2) -> 5280 | DF2: =MIN(B2:CZ2) -> 1899.7562
A3: 长江港硫磺现货价 | B3: 1327 | C3: 1491 | D3: 1408 | E3: 1104 | F3: 1307 | G3: 1315 | H3: 1361 | I3: 1291 | J3: 1197 | K3: 1024 | L3: 1145 | M3: 1314 | N3: 1372 | O3: 1354 | P3: 1370 | Q3: 1171 | R3: 1168 | S3: 1250 | T3: 1268 | U3: 1201 | V3: 1063 | W3: 1048 | X3: 1140 | Y3: 1080 | Z3: 945 | AA3: 841 | AB3: 760 | AC3: 767 | AD3: 753 | AE3: 711 | AF3: 669 | AG3: 689 | AH3: 729 | AI3: 763 | AJ3: 870 | AK3: 897 | AL3: 887 | AM3: 907 | AN3: 893 | AO3: 803 | AP3: 813 | AQ3: 837 | AR3: 902 | AS3: 983 | AT3: 1045 | AU3: 1386 | AV3: 1602 | AW3: 1301 | AX3: 1184 | AY3: 1199 | AZ3: 1117 | BA3: 1059 | BB3: 1127 | BC3: 1148 | BD3: 1193 | BE3: 1328 | BF3: 1487 | BG3: 1459 | BH3: 1398 | BI3: 1230.5 | BJ3: 1133.57 | BK3: 1086 | BL3: 1005.9 | BM3: 997.73 | BN3: 972.85714 | BO3: 963.68421 | BP3: 841.08696 | BQ3: 752.27273 | BR3: 642.6 | BS3: 602.36842 | BT3: 523.57143 | BU3: 539.09091 | BV3: 596.5625 | BW3: 611.13636 | BX3: 668.86364 | BY3: 598.40909 | BZ3: 641.05263 | CA3: 661.19048 | CB3: 630.86957 | CC3: 651.90476 | CD3: 702.17391 | CE3: 746.17647 | CF3: 806.36364 | CG3: =[6]硫磺价格对比!$X$67 -> 920.47619 | CH3: =[1]硫磺价格对比!$B$116 -> 1092.75 | CI3: 1438.2353 | CJ3: 1349.5652 | CK3: 1420 | CL3: 1554.4737 | CM3: 1597.8571 | CN3: 1584.3182 | CO3: 1774.0909 | CP3: 1908.4091 | CQ3: 1937.0588 | CR3: 2001.8182 | CS3: 2313.0435 | CT3: 2461.25 | CU3: 2569.3333 | CV3: 3236 | CW3: =[6]硫磺价格对比!$H$153 -> 3510.4762 | CX3: =[6]硫磺价格对比!$J$153 -> 4034 | CY3: =[6]硫磺价格对比!$L$153 -> 3538.0952 | DD3: =AVERAGE(B3:CZ3) -> 1216.3548 | DE3: =MAX(B3:CZ3) -> 4034 | DF3: =MIN(B3:CZ3) -> 523.57143
A4: 股份27%磷矿 | B4: 400 | C4: 400 | D4: 400 | E4: 380 | F4: 380 | G4: 380 | H4: 380 | I4: 380 | J4: 380 | K4: 380 | L4: 380 | M4: 380 | N4: 390 | O4: 390 | P4: 380 | Q4: 380 | R4: 380 | S4: 380 | T4: 380 | U4: 370 | V4: 370 | W4: 370 | X4: 370 | Y4: 370 | Z4: 350 | AA4: 350 | AB4: 350 | AC4: 350 | AD4: 350 | AE4: 350 | AF4: 350 | AG4: 340 | AH4: 340 | AI4: 340 | AJ4: 340 | AK4: 340 | AL4: 340 | AM4: 355 | AN4: 355 | AO4: 355 | AP4: 355 | AQ4: 355 | AR4: 355 | AS4: 355 | AT4: 355 | AU4: 355 | AV4: 355 | AW4: 430 | AX4: 430 | AY4: 430 | AZ4: 430 | BA4: 430 | BB4: 430 | BC4: 430 | BD4: 430 | BE4: 430 | BF4: 430 | BG4: 430 | BH4: 450 | BI4: 500 | BJ4: 470 | BK4: 470 | BL4: 420 | BM4: 420 | BN4: 420 | BO4: 420 | BP4: 400 | BQ4: 400 | BR4: 380 | BS4: 380 | BT4: 370 | BU4: 370 | BV4: 370 | BW4: 370 | BX4: 370 | BY4: 338 | BZ4: 338 | CA4: 338 | CB4: 338 | CC4: 338 | CD4: 328 | CE4: 328 | CF4: 358 | CG4: 358 | CH4: 358 | CI4: 358 | CJ4: 358 | CK4: 408 | CL4: 458 | CM4: 488 | CN4: 508 | CO4: 558 | CP4: 608 | CQ4: 608 | CR4: 608 | CS4: 608 | CT4: 608 | CU4: 608 | CV4: 608 | CW4: 645.6 | CX4: 745.6 | CY4: 858 | DD4: =AVERAGE(B4:CZ4) -> 411.38431 | DE4: =MAX(B4:CZ4) -> 858 | DF4: =MIN(B4:CZ4) -> 328
A5: 股份兰花 | B5: 827 | C5: 800 | D5: 770 | E5: 735 | F5: 695 | G5: 695 | H5: 671 | I5: 667 | J5: 657 | K5: 657 | L5: 677 | M5: 677 | N5: 677 | O5: 677 | P5: 642 | Q5: 612 | R5: 612 | S5: 612 | T5: 578 | U5: 558 | V5: 558 | W5: 539 | X5: 517 | Y5: 517 | Z5: 519 | AA5: 519 | AB5: 519 | AC5: 509 | AD5: 529 | AE5: 539 | AF5: 539 | AG5: 519 | AH5: 659 | AI5: 779 | AJ5: 779 | AK5: 799 | AL5: 799 | AM5: 799 | AN5: 799 | AO5: 836 | AP5: 836 | AQ5: 811 | AR5: 824 | AS5: 914 | AT5: 1024 | AU5: 1024 | AV5: 974 | AW5: 944 | AX5: 964 | AY5: 984 | AZ5: 984 | BA5: 964 | BB5: 914 | BC5: 911 | BD5: 911 | BE5: 901 | BF5: 896 | BG5: 974 | BH5: 974 | BI5: 967 | BJ5: 917 | BK5: 917 | BL5: 903.67 | BM5: 886 | BN5: 876 | BO5: 866 | BP5: 839 | BQ5: 802.53 | BR5: 802.53 | BS5: 802.53 | BT5: 752.53 | BU5: 752.5 | BV5: 750.20172 | BW5: 755.19845 | BX5: 764.7 | BY5: 735.94157 | BZ5: 701.65403 | CA5: 729.37992 | CB5: 739.27266 | CC5: 703.90613 | CD5: 687 | CE5: 727.2839 | CF5: 780.38224 | CG5: 896.96554 | CH5: 995.12912 | CI5: 994.73397 | CJ5: 857.37551 | CK5: 850.55414 | CL5: 1202.1484 | CM5: 1122.2593 | CN5: 1166.1682 | CO5: 1320.3085 | CP5: 1515.8224 | CQ5: 1998.3473 | CR5: 2366.6784 | CS5: 1377.7053 | CT5: =[2]原料煤!$AF$10 -> 1564.7616 | CU5: =[3]原料煤!$AF$10 -> 1707.3545 | CV5: =[4]原料煤!$AF$10 -> 1531.4466 | CW5: =[5]原料煤!$AF$10 -> 1631.9322 | CX5: =[7]原料煤!$AF$10 -> 1574.0976 | CY5: =[8]原料煤!$AF$10 -> 1554.3867 | DD5: =AVERAGE(B5:CZ5) -> 874.34692 | DE5: =MAX(B5:CZ5) -> 2366.6784 | DF5: =MIN(B5:CZ5) -> 509
A6: 秦港5500大卡 | B6: 573 | C6: 540 | D6: 530 | E6: 535 | F6: 535 | G6: 515 | H6: 485 | I6: 475 | J6: 480 | K6: 495 | L6: 505 | M6: 510 | N6: 510 | O6: 500 | P6: 470 | Q6: 435 | R6: 415 | S6: 415 | T6: 410 | U6: 410 | V6: 395 | W6: 387 | X6: 370 | Y6: 370 | Z6: 370 | AA6: 380 | AB6: 390 | AC6: 390 | AD6: 390 | AE6: 400 | AF6: 445 | AG6: 495 | AH6: 565 | AI6: 665 | AJ6: 672 | AK6: 639 | AL6: 614 | AM6: 605 | AN6: 649 | AO6: 649 | AP6: 565 | AQ6: 585 | AR6: 645 | AS6: 630 | AT6: 675 | AU6: 720 | AV6: 675 | AW6: 705 | AX6: 750 | AY6: 730 | AZ6: 639 | BA6: 576 | BB6: 649 | BC6: 688 | BD6: 634 | BE6: 619 | BF6: 637 | BG6: 659 | BH6: 630 | BI6: 605 | BJ6: 593 | BK6: 606 | BL6: 625 | BM6: 620 | BN6: 606 | BO6: 600 | BP6: 593 | BQ6: 584 | BR6: 586 | BS6: 573 | BT6: 552 | BU6: 554 | BV6: =Sheet4!L100 -> 560.33333 | BW6: =Sheet4!L96 -> 574.25 | BX6: =Sheet4!L92 -> 559.25 | BY6: =Sheet4!L88 -> 511.5 | BZ6: =Sheet4!L84 -> 505.5 | CA6: =Sheet4!L81 -> 554.66667 | CB6: =Sheet4!L76 -> 580.2 | CC6: =Sheet4!L72 -> 560.5 | CD6: =Sheet4!L68 -> 576.75 | CE6: =Sheet4!L64 -> 606.25 | CF6: =Sheet4!L60 -> 616.75 | CG6: =Sheet4!L56 -> 674 | CH6: =Sheet4!L52 -> 892.5 | CI6: =Sheet4!L49 -> 659.66667 | CJ6: =Sheet4!L45 -> 627.75 | CK6: =Sheet4!L40 -> 748.8 | CL6: =Sheet4!L36 -> 872.75 | CM6: =Sheet4!L32 -> 942.75 | CN6: =Sheet4!L29 -> 959 | CO6: =Sheet4!L28 -> 885 | CP6: =Sheet4!L27 -> 1079 | CQ6: =Sheet4!L26 -> 1202 | CR6: =Sheet4!L25 -> 986 | CS6: =Sheet4!L24 -> 834 | CT6: =Sheet4!L23 -> 907.25 | CU6: =Sheet4!L20 -> 940 | CV6: =Sheet4!L16 -> 900 | CW6: 900 | CX6: 900 | CY6: 900 | DD6: =AVERAGE(B6:CZ6) -> 614.77859 | DE6: =MAX(B6:CZ6) -> 1202 | DF6: =MIN(B6:CZ6) -> 370
A7: 内蒙兰炭 | B7: 805 | C7: 788 | D7: 758 | E7: 696 | F7: 628 | G7: 610 | H7: 605 | I7: 596 | J7: 598 | K7: 616 | L7: 630 | M7: 630 | N7: 624 | O7: 615 | P7: 592 | Q7: 560 | R7: 558 | S7: 565 | T7: 570 | U7: 558 | V7: 555 | W7: 535 | X7: 529 | Y7: 521 | Z7: 514 | AA7: 511 | AB7: 500 | AC7: 489 | AD7: 485 | AE7: 497 | AF7: 499 | AG7: 531 | AH7: 675 | AI7: 756 | AJ7: 890 | AK7: 926 | AL7: 920 | AM7: 905 | AN7: 887 | AO7: 927 | AP7: 962 | AQ7: 892 | AR7: 920 | AS7: 957 | AT7: 981 | AU7: 1026 | AV7: 1006 | AW7: 988 | AX7: 981 | AY7: 970 | AZ7: 895 | BA7: 826 | BB7: 810 | BC7: 837 | BD7: 849 | BE7: 836 | BF7: 853 | BG7: 878 | BH7: 919 | BI7: 905 | BJ7: 918 | BK7: 976 | BL7: 955 | BM7: 911 | BN7: 966 | BO7: 975 | BP7: 950 | BQ7: 936 | BR7: 935 | BS7: 934 | BT7: 892 | BU7: 872 | BV7: 871.04041 | BW7: 967.09682 | BX7: 780.45335 | BY7: 626.72101 | BZ7: 626.304 | CA7: 650.94266 | CB7: 685.82133 | CC7: 685.01909 | CD7: 707.55844 | CE7: 748.27357 | CF7: 799.7767 | CG7: 965.03362 | CH7: 1063.9446 | CI7: 943.27281 | CJ7: 798.53338 | CK7: 809.94932 | CL7: 1245.3391 | CM7: 1187.6973 | CN7: 1463.0865 | CO7: 1694.6356 | CP7: 2243.6178 | CQ7: 3433.571 | CR7: 1847.8962 | CS7: 1783.4879 | CT7: 1849.499 | CU7: 1808.3446 | CV7: 1765.7804 | CW7: 1827.106 | CX7: 1714.297 | CY7: 1925.8075 | DD7: =AVERAGE(B7:CZ7) -> 918.47948 | DE7: =MAX(B7:CZ7) -> 3433.571 | DF7: =MIN(B7:CZ7) -> 485
A8: 楚星电石 | B8: 3254 | C8: 3232 | D8: 3262 | E8: 3265 | F8: 3140 | G8: 3105 | H8: 3124 | I8: 3145 | J8: 3169 | K8: 3180 | L8: 3095 | M8: 3081 | N8: 2983 | O8: 2834 | P8: 2794 | Q8: 3070 | R8: 3031 | S8: 2645 | T8: 2712 | U8: 2884 | V8: 2774 | W8: 2698 | X8: 2609 | Y8: 2581 | Z8: 2641 | AA8: 2601 | AB8: 2564 | AC8: 2676 | AD8: 2714 | AE8: 2666 | AF8: 2656 | AG8: 2868 | AH8: 2966 | AI8: 3089 | AJ8: 3184 | AK8: 3241 | AL8: 3250 | AM8: 3198 | AN8: 3035 | AO8: 2984 | AP8: 2998 | AQ8: 3001 | AR8: 3162 | AS8: 3260 | AT8: 3330 | AU8: 3714 | AV8: 3682 | AW8: 3473 | AX8: 3471 | AY8: 3510 | AZ8: 3335 | BA8: 3329 | BB8: 3395 | BC8: 3371 | BD8: 3302 | BE8: 3374 | BF8: 3640 | BG8: 3633 | BH8: 3262 | BI8: 3113 | BJ8: 3091 | BK8: 3237 | BL8: 3352 | BM8: 3501 | BN8: 3280 | BO8: 3154 | BP8: 3495 | BQ8: 3320 | BR8: 3365 | BS8: 3343 | BT8: 3034 | BU8: 3113 | BV8: 3236.3616 | BW8: 3336.3074 | BX8: 3140.8205 | BY8: 2711.2787 | BZ8: 2896.9242 | CA8: 3014.6408 | CB8: 2885.6562 | CC8: 3199.2528 | CD8: 3227.972 | CE8: 3197.4638 | CF8: 3715.5212 | CG8: 4304.8907 | CH8: 3510.96 | CI8: 3670.0147 | CJ8: 4667.1628 | CK8: 4393.5717 | CL8: 4848.588 | CM8: 4732.1669 | CN8: 5219.9143 | CO8: 5535.133 | CP8: 5926.0375 | CQ8: 7973.2545 | CR8: 5234.0068 | CS8: 5144.0949 | CT8: 4692.0855 | CU8: 4486.3279 | CV8: 4767.4819 | CW8: 4600.9099 | CX8: 4714.38 | CY8: 4347.642 | DD8: =AVERAGE(B8:CZ8) -> 3450.6943 | DE8: =MAX(B8:CZ8) -> 7973.2545 | DF8: =MIN(B8:CZ8) -> 2564
A9: 内蒙、青海PVC | B9: 5897.239 | C9: 5804.8394 | D9: 5566.2414 | E9: 5531.8427 | F9: 5659.082 | G9: 5632.334 | H9: 5624.1672 | I9: 5602.824 | J9: 5620.8815 | K9: 5605.1655 | L9: 5584.9536 | M9: 5549.8178 | N9: 5101.0035 | O9: 4634.4234 | P9: 4781.9059 | Q9: 5266.3139 | R9: 5405.6796 | S9: 5273.1734 | T9: 5079.9138 | U9: 4956.3653 | V9: 4883.7447 | W9: 4742.9263 | X9: 4442.8043 | Y9: 4242.9417 | Z9: 4349.3531 | AA9: 4438.8427 | AB9: 4805.5034 | AC9: 4935.4111 | AD9: 4877.9566 | AE9: 4831.3411 | AF9: 5038.3145 | AG9: 5268.5305 | AH9: 5693.4047 | AI9: 6317.4742 | AJ9: 7003.6576 | AK9: 6374.038 | AL9: 5879.715 | AM9: 5873.575 | AN9: 5966.585 | AO9: 5578.205 | AP9: 5310.945 | AQ9: 5344.54 | AR9: 5591.215 | AS9: 6104.21 | AT9: 6872.09 | AU9: 6317.905 | AV9: 5820.91 | AW9: 5788.945 | AX9: 6015.3486 | AY9: 6183.0033 | AZ9: 6118.9848 | BA9: 6142.9589 | BB9: 6518.1326 | BC9: 6592.81 | BD9: 6573.6541 | BE9: 6742.1554 | BF9: 6684.5122 | BG9: 6483 | BH9: 6158.6856 | BI9: 6168.8101 | BJ9: 6119.6778 | BK9: 6087.7752 | BL9: 6074.0147 | BM9: 6202.0361 | BN9: 6633.4124 | BO9: 6509.4307 | BP9: 6454.6022 | BQ9: 6438.098 | BR9: 6356.6023 | BS9: 6280.3309 | BT9: 6251.5503 | BU9: 6472.4997 | BV9: 6405.9273 | BW9: 6214.5257 | BX9: 5903.0237 | BY9: 5447.3414 | BZ9: 5270.5356 | CA9: 5560.5297 | CB9: 5977.1934 | CC9: 6238.3417 | CD9: 6302.0867 | CE9: 6428.0317 | CF9: 6806.6486 | CG9: 7519.8771 | CH9: 7280.1336 | CI9: 6858.5039 | CJ9: 8185.6796 | CK9: 7718.7832 | CL9: 7670.6523 | CM9: 8369.5143 | CN9: 8762.2699 | CO9: 8832.0219 | CP9: 9322.8163 | CQ9: 11157.213 | CR9: 9350.0169 | CS9: 8669.3398 | CT9: 8125.1523 | CU9: 8198.05 | CV9: 8601.5046 | CW9: 8812.9117 | CX9: 8509.4407 | CY9: 8043.3604 | CZ9: 7332.3809 | DD9: =AVERAGE(B9:CZ9) -> 6281.6422 | DE9: =MAX(B9:CZ9) -> 11157.213 | DF9: =MIN(B9:CZ9) -> 4242.9417
A10: 股份、楚星PVC | B10: 6199.1112 | C10: 6127.6569 | D10: 5856.0381 | E10: 5839.7875 | F10: 6005.7656 | G10: 6004.9481 | H10: 5983.062 | I10: 5955.4211 | J10: 5972.5716 | K10: 5959.6367 | L10: 5947.6692 | M10: 5941.5583 | N10: 5643.2172 | O10: 4999.6607 | P10: 5056.0646 | Q10: 5461.4157 | R10: 5673.0207 | S10: 5666.7349 | T10: 5419.5446 | U10: 5265.5784 | V10: 5186.4745 | W10: 5053.1271 | X10: 4828.7615 | Y10: 4576.7707 | Z10: 4608.1471 | AA10: 4635.222 | AB10: 5018.4331 | AC10: 5213.7167 | AD10: 5154.7367 | AE10: 5113.4795 | AF10: 5292.0441 | AG10: 5526.3228 | AH10: 5902.3821 | AI10: 6671.0146 | AJ10: 7409.6336 | AK10: 7061.7852 | AL10: 6138.6656 | AM10: 6259.2897 | AN10: 6218.0767 | AO10: 5816.6904 | AP10: 5545.1904 | AQ10: 5728.5596 | AR10: 6113.1545 | AS10: 6883.5967 | AT10: 7364.7807 | AU10: 6734.1566 | AV10: 6194.206 | AW10: 6137.6766 | AX10: 6410.457 | AY10: 6481.7091 | AZ10: 6400.7258 | BA10: 6479.8278 | BB10: 6812.1615 | BC10: 6822.3291 | BD10: 6826.7028 | BE10: 7021.2859 | BF10: 6865.9637 | BG10: 6693 | BH10: 6450 | BI10: 6300 | BJ10: 6375.2056 | BK10: 6324.4019 | BL10: 6305.8727 | BM10: 6551.7751 | BN10: 6857.3093 | BO10: 6649 | BP10: 6666.5525 | BQ10: 6674.1596 | BR10: 6582.9051 | BS10: 6525.917 | BT10: 6558.4999 | BU10: 6823.5589 | BV10: 6623.1842 | BW10: 6549.8355 | BX10: 6127.2508 | BY10: 5358.4841 | BZ10: 5531.9024 | CA10: 6072.2103 | CB10: 6315.2902 | CC10: 6445.904 | CD10: 6504.5959 | CE10: 6721.9887 | CF10: 7281.9453 | CG10: 7911.9301 | CH10: 7329.5025 | CI10: 7109.6168 | CJ10: 8402.115 | CK10: 8753.4205 | CL10: 9117.3055 | CM10: 9045.7684 | CN10: 8971.8125 | CO10: 9137.8416 | CP10: 9665.4931 | CQ10: 11848.283 | CR10: 9523.2596 | CS10: 8756.264 | CT10: 8351.2716 | CU10: 8538.8609 | CV10: 8848.7292 | CW10: 9070.5303 | CX10: 8702.9198 | CY10: 8303.501 | CZ10: 7706.1363 | DD10: =AVERAGE(B10:CZ10) -> 6606.3207 | DE10: =MAX(B10:CZ10) -> 11848.283 | DF10: =MIN(B10:CZ10) -> 4576.7707
A11: 二铵/磷矿 | B11: =B2/B4 -> 5.5371063 | C11: =C2/C4 -> 5.8413201 | D11: =D2/D4 -> 6.216839 | E11: =E2/E4 -> 6.4832649 | F11: =F2/F4 -> 6.3714752 | G11: =G2/G4 -> 6.2894327 | H11: =H2/H4 -> 6.6239527 | I11: =I2/I4 -> 6.8692762 | ... CY11: =CY2/CY4 -> 6.1538462 | DD11: =AVERAGE(B11:CZ11) -> 6.3244626 | DE11: =MAX(B11:CZ11) -> 8.0729017 | DF11: =MIN(B11:CZ11) -> 5.3702446
A12: 二铵/磷矿 | B12: =B2/B3 -> 1.6690599 | C12: =C2/C3 -> 1.5670879 | D12: =D2/D3 -> 1.7661475 | E12: =E2/E3 -> 2.2315586 | F12: =F2/F3 -> 1.8524565 | G12: =G2/G3 -> 1.8174786 | H12: =H2/H3 -> 1.8494504 | I12: =I2/I3 -> 2.0219403 | ... CY12: =CY2/CY3 -> 1.4923284 | DD12: =AVERAGE(B12:CZ12) -> 2.3660029 | DE12: =MAX(B12:CZ12) -> 4.0182459 | DF12: =MIN(B12:CZ12) -> 1.2425665
A13: 兰炭/电石 | B13: =B7/B8 -> 0.24738783 | C13: =C7/C8 -> 0.24381188 | D13: =D7/D8 -> 0.23237278 | E13: =E7/E8 -> 0.21316998 | F13: =F7/F8 -> 0.2 | G13: =G7/G8 -> 0.19645733 | H13: =H7/H8 -> 0.19366197 | I13: =I7/I8 -> 0.18950715 | ... CY13: =CY7/CY8 -> 0.44295449 | DD13: =AVERAGE(B13:CZ13) -> 0.25715435 | DE13: =MAX(B13:CZ13) -> 0.44295449 | DF13: =MIN(B13:CZ13) -> 0.17109611
A14: 西北PVC/兰炭 | B14: =B9/B7 -> 7.3257628 | C14: =C9/C7 -> 7.3665474 | D14: =D9/D7 -> 7.3433263 | E14: =E9/E7 -> 7.9480498 | F14: =F9/F7 -> 9.0112771 | G14: =G9/G7 -> 9.2333344 | H14: =H9/H7 -> 9.2961441 | I14: =I9/I7 -> 9.4007114 | ... CY14: =CY9/CY7 -> 4.1766169 | DD14: =AVERAGE(B14:CZ14) -> 7.4549331 | DE14: =MAX(B14:CZ14) -> 10.250892 | DF14: =MIN(B14:CZ14) -> 3.2494486
A15: 宜昌PVC/电石 | B15: =B10/B8 -> 1.9050741 | C15: =C10/C8 -> 1.8959334 | D15: =D10/D8 -> 1.7952293 | E15: =E10/E8 -> 1.7886026 | F15: =F10/F8 -> 1.9126642 | G15: =G10/G8 -> 1.9339607 | H15: =H10/H8 -> 1.9151927 | I15: =I10/I8 -> 1.8936156 | ... CY15: =CY10/CY8 -> 1.9098861 | DD15: =AVERAGE(B15:CZ15) -> 1.9267067 | DE15: =MAX(B15:CZ15) -> 2.3271462 | DF15: =MIN(B15:CZ15) -> 1.4860034
A16: 兰花/秦港5500 | B16: =B5/B6 -> 1.443281 | C16: =C5/C6 -> 1.4814815 | D16: =D5/D6 -> 1.4528302 | E16: =E5/E6 -> 1.3738318 | F16: =F5/F6 -> 1.2990654 | G16: =G5/G6 -> 1.3495146 | H16: =H5/H6 -> 1.3835052 | I16: =I5/I6 -> 1.4042105 | ... CY16: =CY5/CY6 -> 1.7270964 | DD16: =AVERAGE(B16:CZ16) -> 1.4042665 | DE16: =MAX(B16:CZ16) -> 2.4002823 | DF16: =MIN(B16:CZ16) -> 1.0484848

Sheet Sheet4
C1: 时间 | D1: 5500大卡 | E1: 环比增减 | F1: 5000大卡 | G1: 环比增减 | H1: 4500大卡 | I1: 环比增减 | M1: 时间 | N1: 5500大卡 | O1: 环比增减 | P1: 5000大卡 | Q1: 环比增减 | R1: 4500大卡 | S1: 环比增减
C2: 44750 | D2: 786 | E2: 0 | F2: 715 | G2: 0 | H2: 635 | I2: 0 | K2: 现货 | L2: =AVERAGE(N2:N4) -> 900 | M2: 44750 | N2: 900 | O2: 0 | P2: 818 | Q2: 0 | R2: 702 | S2: 0
C3: 44743 | D3: 786 | E3: 0 | F3: 715 | G3: 0 | H3: 635 | I3: 0 | M3: 44743 | N3: 900 | O3: 0 | P3: 818 | Q3: 0 | R3: 702 | S3: 0
C4: 44736 | D4: 786 | E4: 0 | F4: 715 | G4: 0 | H4: 635 | I4: 0 | L4: =AVERAGE(N4:N6) -> 900 | M4: 44736 | N4: 900 | O4: 0 | P4: 818 | Q4: 0 | R4: 702 | S4: 0
C5: 44729 | D5: 786 | E5: 0 | F5: 715 | G5: 0 | H5: 635 | I5: 0 | M5: 44729 | N5: 900 | O5: 0 | P5: 818 | Q5: 0 | R5: 702 | S5: 0
C6: 44722 | D6: 786 | E6: 0 | F6: 715 | G6: 0 | H6: 635 | I6: 0 | M6: 44722 | N6: 900 | O6: 0 | P6: 818 | Q6: 0 | R6: 702 | S6: 0
C7: 44708 | D7: 786 | E7: 0 | F7: 715 | G7: 0 | H7: 635 | I7: 0 | L7: =AVERAGE(N7:N10) -> 900 | M7: 44708 | N7: 900 | O7: 0 | P7: 818 | Q7: 0 | R7: 702 | S7: 0
C8: 44701 | D8: 786 | E8: 0 | F8: 715 | G8: 0 | H8: 635 | I8: 0 | M8: 44701 | N8: 900 | O8: 0 | P8: 818 | Q8: 0 | R8: 702 | S8: 0
C9: 44694 | D9: 786 | E9: 0 | F9: 715 | G9: 0 | H9: 635 | I9: 0 | M9: 44694 | N9: 900 | O9: 0 | P9: 818 | Q9: 0 | R9: 702 | S9: 0
C10: 44687 | D10: 786 | E10: 0 | F10: 715 | G10: 0 | H10: 635 | I10: 0 | M10: 44687 | N10: 900 | O10: 0 | P10: 818 | Q10: 0 | R10: 702 | S10: 0
C11: 44680 | D11: 786 | E11: 0 | F11: 715 | G11: 0 | H11: 635 | I11: 0 | L11: =AVERAGE(N11:N14) -> 900 | M11: 44680 | N11: 900 | O11: 0 | P11: 818 | Q11: 0 | R11: 702 | S11: 0
C12: 44673 | D12: 786 | E12: 0 | F12: 715 | G12: 0 | H12: 635 | I12: 0 | M12: 44673 | N12: 900 | O12: 0 | P12: 818 | Q12: 0 | R12: 702 | S12: 0
C13: 44666 | D13: 786 | E13: 0 | F13: 715 | G13: 0 | H13: 635 | I13: 0 | M13: 44666 | N13: 900 | O13: 0 | P13: 818 | Q13: 0 | R13: 702 | S13: 0
C14: 44659 | D14: 786 | E14: 0 | F14: 715 | G14: 0 | H14: 635 | I14: 0 | M14: 44659 | N14: 900 | O14: 0 | P14: 818 | Q14: 0 | R14: 702 | S14: 0
C15: 44652 | D15: 786 | E15: 0 | F15: 715 | G15: 0 | H15: 635 | I15: 0 | M15: 44652 | N15: 900 | O15: 0 | P15: 818 | Q15: 0 | R15: 702 | S15: 0
C16: 44645 | D16: 786 | E16: 0 | F16: 715 | G16: 0 | H16: 635 | I16: 0 | L16: =AVERAGE(N16:N19) -> 900 | M16: 44645 | N16: 900 | O16: 0 | P16: 818 | Q16: 0 | R16: 702 | S16: 0
C17: 44638 | D17: 786 | E17: 0 | F17: 715 | G17: 0 | H17: 635 | I17: 0 | M17: 44638 | N17: 900 | O17: 0 | P17: 818 | Q17: 0 | R17: 702 | S17: 0
C18: 44631 | D18: 786 | E18: 0 | F18: 715 | G18: 0 | H18: 635 | I18: 0 | M18: 44631 | N18: 900 | O18: 0 | P18: 818 | Q18: 0 | R18: 702 | S18: 0
C19: 44624 | D19: 786 | E19: 0 | F19: 715 | G19: 0 | H19: 635 | I19: 0 | M19: 44624 | N19: 900 | O19: 0 | P19: 818 | Q19: 0 | R19: 702 | S19: 0
C20: 44617 | D20: 786 | E20: 0 | F20: 715 | G20: 0 | H20: 635 | I20: 0 | L20: =AVERAGE(N20:N22) -> 940 | M20: 44617 | N20: 900 | O20: 0 | P20: 818 | Q20: 0 | R20: 702 | S20: 0
C21: 44610 | D21: 786 | E21: -13 | F21: 715 | G21: -15 | H21: 635 | I21: -13 | M21: 44610 | N21: 900 | O21: -120 | P21: 818 | Q21: -149 | R21: 702 | S21: -128
C22: 44603 | D22: 799 | E22: 2 | F22: 730 | G22: 1 | H22: 648 | I22: -1 | M22: 44603 | N22: 1020 | O22: 19 | P22: 967 | Q22: 12 | R22: 830 | S22: 10
C23: 44589 | D23: 797 | E23: -5 | F23: 729 | G23: -1 | H23: 649 | I23: 5 | L23: =AVERAGE(N23:N26) -> 907.25 | M23: 44589 | N23: 1001 | O23: 70 | P23: 955 | Q23: 103 | R23: 820 | S23: 109
C24: 44582 | D24: 802 | E24: 23 | F24: 730 | G24: 25 | H24: 644 | I24: 25 | L24: =N27 -> 834 | M24: 44582 | N24: 931 | O24: 39 | P24: 852 | Q24: 58 | R24: 711 | S24: 51
C25: 44575 | D25: 779 | E25: 38 | F25: 705 | G25: 36 | H25: 619 | I25: 33 | L25: =D29 -> 986 | M25: 44575 | N25: 892 | O25: 87 | P25: 794 | Q25: 84 | R25: 660 | S25: 100
C26: 44568 | D26: 741 | E26: -32 | F26: 669 | G26: -23 | H26: 586 | I26: 2 | L26: =D30 -> 1202 | M26: 44568 | N26: 805 | O26: -29 | P26: 710 | Q26: -18 | R26: 560 | S26: 3
C27: 44561 | D27: 773 | E27: -59 | F27: 692 | G27: -51 | H27: 584 | I27: -63 | L27: =D31 -> 1079 | M27: 44561 | N27: 834 | O27: ~ | P27: 728 | Q27: ~ | R27: 557 | S27: ~
C28: 44554 | D28: 832 | E28: ~ | F28: 743 | G28: ~ | H28: 647 | I28: ~ | L28: =D32 -> 885 | M28: 44435 | N28: ~ | O28: ~ | P28: ~ | Q28: ~ | R28: ~ | S28: ~
C29: 44526 | D29: 986 | E29: ~ | F29: 891 | G29: ~ | H29: 792 | I29: ~ | L29: =AVERAGE(N29:N31) -> 959 | M29: 44400 | N29: 947 | O29: 0 | P29: 875 | Q29: 0 | R29: 770 | S29: 0
C30: 44498 | D30: 1202 | E30: ~ | F30: 1096 | G30: ~ | H30: 961 | I30: ~ | M30: 44393 | N30: 947 | O30: -36 | P30: 875 | Q30: -10 | R30: 770 | S30: -7
C31: 44463 | D31: 1079 | E31: ~ | F31: 980 | G31: ~ | H31: 857 | I31: ~ | M31: 44379 | N31: 983 | O31: -12 | P31: 885 | Q31: -14 | R31: 777 | S31: -14
C32: 44435 | D32: 885 | E32: 40 | F32: 798 | G32: 25 | H32: 706 | I32: 20 | L32: =AVERAGE(N32:N35) -> 942.75 | M32: 44372 | N32: 995 | O32: 45 | P32: 899 | Q32: 48 | R32: 791 | S32: 40
C33: 44407 | D33: 845 | E33: 35 | F33: 773 | G33: 29 | H33: 686 | I33: 26 | M33: 44365 | N33: 950 | O33: 28 | P33: 851 | Q33: 28 | R33: 751 | S33: 26
C34: 44400 | D34: 810 | E34: 0 | F34: 744 | G34: 0 | H34: 660 | I34: 0 | M34: 44358 | N34: 922 | O34: 18 | P34: 823 | Q34: 15 | R34: 725 | S34: 17
C35: 44393 | D35: 810 | E35: -9 | F35: 744 | G35: 5 | H35: 660 | I35: 12 | M35: 44351 | N35: 904 | O35: 52 | P35: 808 | Q35: 43 | R35: 708 | S35: 40
C36: 44372 | D36: 819 | E36: 24 | F36: 739 | G36: 25 | H36: 648 | I36: 19 | L36: =AVERAGE(N36:N39) -> 872.75 | M36: 44344 | N36: 852 | O36: -58 | P36: 765 | Q36: -57 | R36: 668 | S36: -65
C37: 44365 | D37: 795 | E37: 19 | F37: 714 | G37: 17 | H37: 629 | I37: 13 | M37: 44337 | N37: 910 | O37: -1 | P37: 822 | Q37: 0 | R37: 733 | S37: 1
C38: 44358 | D38: 776 | E38: 8 | F38: 697 | G38: 7 | H38: 616 | I38: 5 | M38: 44330 | N38: 911 | O38: 93 | P38: 822 | Q38: 88 | R38: 732 | S38: 84
C39: 44351 | D39: 768 | E39: 24 | F39: 690 | G39: 21 | H39: 611 | I39: 18 | M39: 44323 | N39: 818 | O39: 27 | P39: 734 | Q39: 30 | R39: 648 | S39: 28
C40: 44344 | D40: 744 | E40: -17 | F40: 669 | G40: -17 | H40: 593 | I40: -20 | L40: =AVERAGE(N40:N44) -> 748.8 | M40: 44316 | N40: 791 | O40: 18 | P40: 704 | Q40: 16 | R40: 620 | S40: 13
C41: 44337 | D41: 761 | E41: 10 | F41: 686 | G41: 8 | H41: 613 | I41: 8 | M41: 44309 | N41: 773 | O41: 42 | P41: 688 | Q41: 44 | R41: 607 | S41: 40
C42: 44330 | D42: 751 | E42: 35 | F42: 678 | G42: 35 | H42: 605 | I42: 34 | M42: 44302 | N42: 731 | O42: -2 | P42: 644 | Q42: -4 | R42: 567 | S42: -2
C43: 44323 | D43: 716 | E43: 26 | F43: 643 | G43: 25 | H43: 571 | I43: 22 | M43: 44295 | N43: 733 | O43: 17 | P43: 648 | Q43: 13 | R43: 569 | S43: 14
C44: 44316 | D44: 690 | E44: 11 | F44: 618 | G44: 10 | H44: 549 | I44: 9 | M44: 44288 | N44: 716 | O44: 56 | P44: 635 | Q44: 53 | R44: 555 | S44: 48
C45: 44309 | D45: 679 | E45: 28 | F45: 608 | G45: 27 | H45: 540 | I45: 23 | L45: =AVERAGE(N45:N48) -> 627.75 | M45: 44281 | N45: 660 | O45: 26 | P45: 582 | Q45: 27 | R45: 507 | S45: 23
C46: 44302 | D46: 651 | E46: 1 | F46: 581 | G46: 0 | H46: 517 | I46: 1 | M46: 44274 | N46: 634 | O46: 3 | P46: 555 | Q46: 3 | R46: 484 | S46: 7
C47: 44295 | D47: 650 | E47: 16 | F47: 581 | G47: 14 | H47: 516 | I47: 14 | M47: 44267 | N47: 631 | O47: 45 | P47: 552 | Q47: 39 | R47: 477 | S47: 30
C48: 44288 | D48: 634 | E48: 23 | F48: 567 | G48: 22 | H48: 502 | I48: 19 | M48: 44260 | N48: 586 | O48: 2 | P48: 513 | Q48: 0 | R48: 447 | S48: -13
C49: 44281 | D49: 611 | E49: 8 | F49: 545 | G49: 7 | H49: 483 | I49: 6 | L49: =AVERAGE(N49:N51) -> 659.66667 | M49: 44253 | N49: 584 | O49: -59 | P49: 513 | Q49: -66 | R49: 460 | S49: -52
C50: 44274 | D50: 603 | E50: 11 | F50: 538 | G50: 9 | H50: 477 | I50: 9 | M50: 44246 | N50: 643 | O50: -109 | P50: 579 | Q50: -78 | R50: 512 | S50: -73
C51: 44267 | D51: 592 | E51: 12 | F51: 529 | G51: 11 | H51: 468 | I51: 5 | M51: 44232 | N51: 752 | O51: -93 | P51: 657 | Q51: -93 | R51: 585 | S51: -60
C52: 44260 | D52: 580 | E52: -33 | F52: 518 | G52: -32 | H52: 463 | I52: -31 | L52: =AVERAGE(N52:N55) -> 892.5 | M52: 44225 | N52: 845 | O52: -97 | P52: 750 | Q52: -87 | R52: 645 | S52: -85
C53: 44253 | D53: 613 | E53: -21 | F53: 550 | G53: -21 | H53: 494 | I53: -17 | M53: 44218 | N53: 942 | O53: 13 | P53: 837 | Q53: 9 | R53: 730 | S53: 2
C54: 44246 | D54: 634 | E54: -69 | F54: 571 | G54: -62 | H54: 511 | I54: -53 | M54: 44211 | N54: 929 | O54: 75 | P54: 828 | Q54: 53 | R54: 728 | S54: 43
C55: 44232 | D55: 703 | E55: -22 | F55: 633 | G55: -21 | H55: 564 | I55: -14 | M55: 44204 | N55: 854 | O55: 105 | P55: 775 | Q55: 94 | R55: 685 | S55: 80
C56: 44225 | D56: 725 | E56: -20 | F56: 654 | G56: -20 | H56: 578 | I56: -5 | L56: =AVERAGE(N56:N59) -> 674 | M56: 44190 | N56: 749 | O56: 86 | P56: 681 | Q56: 67 | R56: 605 | S56: 63
C57: 44218 | D57: 745 | E57: 23 | F57: 674 | G57: 19 | H57: 583 | I57: 1 | M57: 44183 | N57: 663 | O57: 15 | P57: 614 | Q57: 20 | R57: 542 | S57: 19
C58: 44211 | D58: 722 | E58: 31 | F58: 655 | G58: 20 | H58: 582 | I58: 17 | M58: 44176 | N58: 648 | O58: 12 | P58: 594 | Q58: 17 | R58: 523 | S58: 16
C59: 44204 | D59: 691 | E59: 49 | F59: 635 | G59: 52 | H59: 565 | I59: 46 | M59: 44169 | N59: 636 | O59: 14 | P59: 577 | Q59: 13 | R59: 507 | S59: 12
C60: 44190 | D60: 642 | E60: 36 | F60: 583 | G60: 24 | H60: 519 | I60: 22 | L60: =AVERAGE(N60:N63) -> 616.75 | M60: 44162 | N60: 622 | O60: 6 | P60: 564 | Q60: 1 | R60: 495 | S60: 1
C61: 44183 | D61: 606 | E61: 5 | F61: 559 | G61: 9 | H61: 497 | I61: 8 | M61: 44155 | N61: 616 | O61: 1 | P61: 563 | Q61: 0 | R61: 494 | S61: -1
C62: 44176 | D62: 601 | E62: 6 | F62: 550 | G62: 8 | H62: 489 | I62: 8 | M62: 44148 | N62: 615 | O62: 1 | P62: 563 | Q62: 1 | R62: 495 | S62: 2
C63: 44169 | D63: 595 | E63: 9 | F63: 542 | G63: 9 | H63: 481 | I63: 7 | M63: 44141 | N63: 614 | O63: 13 | P63: 562 | Q63: 13 | R63: 493 | S63: 15
C64: 44162 | D64: 586 | E64: 2 | F64: 533 | G64: 1 | H64: 474 | I64: 1 | L64: =AVERAGE(N64:N67) -> 606.25 | M64: 44134 | N64: 601 | O64: -3 | P64: 549 | Q64: 0 | R64: 478 | S64: -2
C65: 44155 | D65: 584 | E65: 1 | F65: 532 | G65: 0 | H65: 473 | I65: -1 | M65: 44127 | N65: 604 | O65: -8 | P65: 549 | Q65: -6 | R65: 480 | S65: -7
C66: 44148 | D66: 583 | E66: 0 | F66: 532 | G66: 0 | H66: 474 | I66: 2 | M66: 44120 | N66: 612 | O66: 4 | P66: 555 | Q66: 6 | R66: 487 | S66: 3
C67: 44141 | D67: 583 | E67: 8 | F67: 532 | G67: 9 | H67: 472 | I67: 8 | M67: 44113 | N67: 608 | O67: 15 | P67: 549 | Q67: 15 | R67: 484 | S67: 15
C68: 44134 | D68: 575 | E68: -2 | F68: 523 | G68: -1 | H68: 464 | I68: -2 | L68: =AVERAGE(N68:N71) -> 576.75 | M68: 44099 | N68: 593 | O68: 6 | P68: 534 | Q68: 9 | R68: 469 | S68: 7
C69: 44127 | D69: 577 | E69: -3 | F69: 524 | G69: -2 | H69: 466 | I69: -2 | M69: 44092 | N69: 587 | O69: 18 | P69: 525 | Q69: 16 | R69: 462 | S69: 15
C70: 44120 | D70: 580 | E70: 2 | F70: 526 | G70: 2 | H70: 468 | I70: 2 | M70: 44085 | N70: 569 | O70: 11 | P70: 509 | Q70: 10 | R70: 447 | S70: 11
C71: 44113 | D71: 578 | E71: 15 | F71: 524 | G71: 15 | H71: 466 | I71: 13 | M71: 44078 | N71: 558 | O71: 3 | P71: 499 | Q71: 3 | R71: 436 | S71: 2
C72: 44099 | D72: 563 | E72: 3 | F72: 509 | G72: 3 | H72: 453 | I72: 2 | L72: =AVERAGE(N72:N75) -> 560.5 | M72: 44071 | N72: 555 | O72: -6 | P72: 496 | Q72: -6 | R72: 434 | S72: -6
C73: 44092 | D73: 560 | E73: 6 | F73: 506 | G73: 7 | H73: 451 | I73: 8 | M73: 44064 | N73: 561 | O73: 1 | P73: 502 | Q73: 1 | R73: 440 | S73: -1
C74: 44085 | D74: 554 | E74: 5 | F74: 499 | G74: 4 | H74: 443 | I74: 4 | M74: 44057 | N74: 560 | O74: -6 | P74: 501 | Q74: -8 | R74: 441 | S74: -8
C75: 44078 | D75: 549 | E75: -2 | F75: 495 | G75: -2 | H75: 439 | I75: -3 | M75: 44050 | N75: 566 | O75: -6 | P75: 509 | Q75: -5 | R75: 449 | S75: -6
C76: 44071 | D76: 551 | E76: -2 | F76: 497 | G76: -2 | H76: 442 | I76: -2 | L76: =AVERAGE(N76:N80) -> 580.2 | M76: 44043 | N76: 572 | O76: -4 | P76: 514 | Q76: -6 | R76: 455 | S76: -4
C77: 44064 | D77: 553 | E77: 0 | F77: 499 | G77: 0 | H77: 444 | I77: 0 | M77: 44036 | N77: 576 | O77: -13 | P77: 520 | Q77: -16 | R77: 459 | S77: -15
C78: 44057 | D78: 553 | E78: -3 | F78: 499 | G78: -4 | H78: 444 | I78: -3 | M78: 44029 | N78: 589 | O78: -2 | P78: 536 | Q78: -3 | R78: 474 | S78: -3
C79: 44050 | D79: 556 | E79: 1 | F79: 503 | G79: 0 | H79: 447 | I79: -1 | M79: 44022 | N79: 591 | O79: 18 | P79: 539 | Q79: 17 | R79: 477 | S79: 16
C80: 44043 | D80: 555 | E80: -2 | F80: 503 | G80: -2 | H80: 448 | I80: -2 | M80: 44015 | N80: 573 | O80: 7 | P80: 522 | Q80: 6 | R80: 461 | S80: 8
C81: 44036 | D81: 557 | E81: -5 | F81: 505 | G81: -6 | H81: 450 | I81: -5 | L81: =AVERAGE(N81:N83) -> 554.66667 | M81: 44001 | N81: 566 | O81: 11 | P81: 516 | Q81: 15 | R81: 453 | S81: 14
M82: 43994 | N82: 555 | O82: 12 | P82: 501 | Q82: 14 | R82: 439 | S82: 12
M83: 43987 | N83: 543 | O83: -2 | P83: 487 | Q83: 0 | R83: 427 | S83: 0
L84: =AVERAGE(N84:N87) -> 505.5 | M84: 43980 | N84: 545 | O84: 26 | P84: 487 | Q84: 31 | R84: 427 | S84: 26
M85: 43973 | N85: 519 | O85: 36 | P85: 456 | Q85: 40 | R85: 401 | S85: 34
M86: 43966 | N86: 483 | O86: 8 | P86: 416 | Q86: 10 | R86: 367 | S86: 8
M87: 43959 | N87: 475 | O87: -17 | P87: 406 | Q87: -10 | R87: 359 | S87: -10
L88: =AVERAGE(N88:N91) -> 511.5 | M88: 43945 | N88: 492 | O88: -8 | P88: 416 | Q88: -11 | R88: 369 | S88: -13
M89: 43938 | N89: 500 | O89: -18 | P89: 427 | Q89: -22 | R89: 382 | S89: -22
M90: 43931 | N90: 518 | O90: -18 | P90: 449 | Q90: -23 | R90: 404 | S90: -15
M91: 43924 | N91: 536 | O91: -11 | P91: 472 | Q91: -11 | R91: 419 | S91: -12
L92: =AVERAGE(N92:N95) -> 559.25 | M92: 43917 | N92: 547 | O92: -7 | P92: 483 | Q92: -11 | R92: 431 | S92: -12
M93: 43910 | N93: 554 | O93: -10 | P93: 494 | Q93: -14 | R93: 443 | S93: -12
M94: 43903 | N94: 564 | O94: -8 | P94: 508 | Q94: -7 | R94: 455 | S94: -8
M95: 43896 | N95: 572 | O95: -3 | P95: 515 | Q95: -2 | R95: 463 | S95: -3
L96: =AVERAGE(N96:N99) -> 574.25 | M96: 43889 | N96: 575 | O96: -1 | P96: 517 | Q96: -1 | R96: 466 | S96: 0
M97: 43882 | N97: 576 | O97: 0 | P97: 518 | Q97: 1 | R97: 466 | S97: 1
M98: 43875 | N98: 576 | O98: 6 | P98: 517 | Q98: 5 | R98: 465 | S98: 5
M99: 43868 | N99: 570 | O99: 7 | P99: 512 | Q99: 7 | R99: 460 | S99: 7
L100: =AVERAGE(N100:N102) -> 560.33333 | M100: 43847 | N100: 563 | O100: 3 | P100: 505 | Q100: 4 | R100: 453 | S100: 4
...
